customer_id,name,gender,birth_date,signup_date,city,email
3293,권준서,여,1954-04-29,2020-04-26, 부산,user3293@example.com
1862,박준선,F,1980-05-19,2023-09-01,서울,user1862@example.com
4955,전영경,여,1980-06-08,2024-04-30,인천,user4955@example.com
4653,한재하,M,1971-06-09,2023-08-06,서울,user4653@example.com
3331,송준연,여,1971-02-01,2023-12-20,대전,user3331@example.com
1992,최현우,여,1999-08-31,2021-06-22,고양,user1992@example.com
3499,전선태,남,2005-03-12,2021-07-02, 광주,
2183,장예성,M,1992-03-22,2021-02-19,수원,user2183@example.com
5090,권재현,M,1972-08-26,2020-10-02,서울,
2209,홍준영,M,1976-06-16,2024-03-10,수원,user2209@example.com
5055,윤수현,F,1972-03-11,2021-05-20,서울,user5055@example.com
5882,임하우,여,1995-11-08,2020-04-29, 수원,user5882@example.com
3558,김수도,여,1954-05-15,2023-07-10,광주,user3558@example.com
4018,오민서,F,1964-04-27,2023-02-20,울산,user4018@example.com
5539,송서현,M,1984-08-31,2022-10-17,대구,user5539@example.com
5434,오예영,여,1978-05-20,2022-05-14, 서울,user5434@example.com
3699,박재태,M,1976-01-27,2020-06-08,서울,user3699@example.com
1307,오준수,남,1986-10-25,2023-01-07,서울,user1307@example.com
1480,강태재,M,2002-09-14,2022-12-14,부산,user1480@example.com
3333,안민하,M,1968-07-21,2020-03-06,서울,user3333@example.com
1438,이도아,남,1957-07-20,2022-08-12,대전,user1438@example.com
3913,정진태,M,1964-06-05,2020-07-24,고양,user3913@example.com
3506,임진도,F,1973-09-06,2021-10-24,인천,user3506@example.com
4392,황우민,F,1983-03-27,2022-02-15,서울,user4392@example.com
4153,황영은,M,,2020-07-03,대구,user4153@example.com
4192,신예태,F,1990-07-23,2022-06-02,울산,user4192@example.com
3208,정현준,M,2006-09-22,2021-03-02,서울,user3208@example.com
1759,권연은,남,1997-09-25,2021-03-09,수원 ,user1759@example.com
5231,전우선,M,1969-09-09,2021-07-24,고양,user5231@example.com
1860,홍영우,남,1956-01-27,2024-04-02,광주,user1860@example.com
4930,권도선,M,,2023-05-05,고양,user4930@example.com
2879,박준서,M,1977-12-24,2020-09-12,서울 ,user2879@example.com
2595,최수태,M,1972-10-08,2020-02-20,광주 ,user2595@example.com
2581,정우재,,,2020-05-11, 고양,user2581@example.com
3711,김도서,여,1975-11-17,2020-06-22,수원,user3711@example.com
3488,한진연,남,1992-11-06,2023-07-29,서울,
3197,송예준,,1977-12-20,2020-01-13,서울 ,
2197,홍재영,M,1997-06-30,2022-03-02,부산,
2917,임우준,F,1974-04-24,2023-11-05,대구,user2917@example.com
5729,신현은,여,1971-09-28,2020-03-18,서울,user5729@example.com
3435,오서도,M,,2021-11-10,대구,user3435@example.com
5025,박지진,F,1988-11-16,2020-12-04,부산,user5025@example.com
5717,홍재지,F,,2024-01-21,서울,
2862,안예우,F,,2024-01-14,인천,user2862@example.com
1845,김우민,M,1956-06-29,2022-05-27, 서울,user1845@example.com
2929,홍진준,F,1987-08-24,2021-10-14,부산,user2929@example.com
4393,최재서,남,1972-12-18,2022-05-29,고양,user4393@example.com
5143,장태태,남,1986-08-29,2021-05-19, 서울,user5143@example.com
2832,오하하,F,1994-04-17,2022-07-24,인천,user2832@example.com
4350,최태우,남,1996-10-17,2024-04-06,대구,user4350@example.com
5451,강태민,,,2020-06-19, 고양,user5451@example.com
5332,송지진,남,2004-01-10,2020-07-01,인천,user5332@example.com
5511,한은예,F,1984-01-13,2023-04-29,수원,user5511@example.com
2672,강선선,M,,2022-10-12,서울 ,user2672@example.com
3871,홍성아,F,1994-02-16,2023-04-28,세종,user3871@example.com
2225,홍도지,M,1957-03-05,2022-04-04,대구,user2225@example.com
3901,안진현,남,1964-11-03,2021-09-14, 서울,user3901@example.com
4493,권민은,여,1967-11-07,2023-12-08,광주,user4493@example.com
3888,박연하,여,1990-02-15,2020-02-13,서울,user3888@example.com
1594,조우예,여,1989-06-22,2023-09-01, 인천,user1594@example.com
1520,윤진아,M,1972-04-17,2020-10-30,부산,user1520@example.com
1527,박재경,F,1994-03-07,2020-04-05,울산,user1527@example.com
2213,송지은,F,2004-04-25,2020-03-04,고양,user2213@example.com
2618,박현민,여,2000-08-15,2021-09-24, 부산,user2618@example.com
1277,황연경,여,1999-03-24,2022-06-06,세종,user1277@example.com
5122,홍민경,M,1957-02-16,2021-03-25,서울,user5122@example.com
2732,신재우,남,1985-09-19,2022-08-26,부산,user2732@example.com
1493,서선예,여,,2021-07-22,대구 ,user1493@example.com
1347,전영진,남,1960-01-31,2023-10-18,대구,user1347@example.com
2262,장진성,,2000-03-05,2024-04-29,대구,user2262@example.com
3484,조예아,여,1979-12-19,2023-05-18,서울,user3484@example.com
1319,황성선,F,,2023-07-06,서울,user1319@example.com
5085,서준경,남,1957-07-20,2021-01-25,수원,user5085@example.com
3610,홍영진,F,1956-04-16,2020-12-31,서울,user3610@example.com
5513,전경성,남,1974-04-07,2023-01-15,고양 ,user5513@example.com
2292,장경영,M,1966-06-22,2021-03-03,수원 ,
1895,서현은,남,1963-10-22,2021-11-21, 대구,user1895@example.com
1213,장선성,F,1967-09-21,2023-06-24,서울,user1213@example.com
2952,이선성,남,2005-05-07,2020-06-04,인천,user2952@example.com
3954,강수우,남,1976-12-30,2020-11-11,대전,
5824,임지재,M,1979-07-26,2024-03-23,인천 ,user5824@example.com
3080,안아수,여,1981-11-04,2022-06-20,부산,user3080@example.com
2158,윤수아,M,1989-01-26,2023-06-17,대구,user2158@example.com
1185,장서은,여,1957-07-14,2020-04-18,인천,user1185@example.com
4676,윤연재,남,1968-03-27,2022-10-05,광주,user4676@example.com
3940,권우지,M,1967-08-30,2020-04-20,광주,user3940@example.com
3536,조선하,남,1966-02-09,2020-02-14,부산 ,user3536@example.com
1386,이재재,F,1996-04-06,2022-03-17,부산,user1386@example.com
2149,송우준,여,1983-11-05,2023-10-06,수원,user2149@example.com
2663,오서태,F,1955-02-28,2023-12-07, 대전,user2663@example.com
2900,한하우,F,1954-10-05,2022-04-05,대구,user2900@example.com
2843,안서준,F,1970-12-24,2021-08-04,광주,user2843@example.com
5936,홍수재,여,1965-06-08,2022-05-24,울산,user5936@example.com
4322,황지예,여,1963-04-22,2022-08-14,서울,
5765,최수하,F,1996-09-26,2020-01-18,서울,user5765@example.com
2429,황준우,F,1972-01-01,2024-06-20,인천,user2429@example.com
4554,장현준,여,,2020-01-27, 광주,user4554@example.com
4231,정지영,,1981-05-08,2021-04-14,인천,user4231@example.com
5791,홍예성,남,1993-05-20,2022-06-18,광주,user5791@example.com
2404,최재재,F,2000-05-26,2023-07-11, 광주,user2404@example.com
4120,서서연,F,1956-12-08,2022-12-19,고양,user4120@example.com
5498,정연연,F,1977-03-12,2021-05-10,서울 ,user5498@example.com
5748,송재선,F,1960-06-08,2021-04-14,고양,user5748@example.com
4615,장수아,여,1982-10-13,2023-11-26,서울,user4615@example.com
3617,이우도,여,1978-11-26,2024-04-05,부산,user3617@example.com
4942,전영현,F,1964-02-12,2020-12-25,부산,user4942@example.com
2274,황하서,남,1971-11-27,2023-09-22,서울,user2274@example.com
4740,정은하,여,1972-09-17,2022-06-23,수원,user4740@example.com
2967,임민우,여,2000-01-31,2020-10-24, 부산,user2967@example.com
5397,강준재,F,1983-04-18,2024-05-18,광주 ,user5397@example.com
4635,임서도,남,,2022-09-18,대전,user4635@example.com
3670,황경현,F,1976-05-10,2020-05-26,수원,user3670@example.com
3149,송아선,M,1966-03-19,2024-04-21,고양,user3149@example.com
1471,안태아,여,1976-07-03,2024-04-10,고양,user1471@example.com
3329,박성예,여,1984-04-05,2024-05-22,부산,user3329@example.com
3905,송선민,M,1957-08-20,2024-01-07,대구,user3905.com
5490,최예은,여,,2022-08-05,수원,user5490.com
4137,임경우,F,2001-02-08,2024-04-15,대전,user4137.com
1101,최현우,F,2006-04-20,2020-02-02,수원,user1101@example.com
5772,최지현,남,1974-01-13,2020-08-14,수원 ,user5772@example.com
5308,안현연,M,1968-02-15,2021-08-10,대전,user5308@example.com
1317,권수성,F,1990-04-06,2021-12-08,광주,user1317@example.com
1764,윤태준,F,1978-12-21,2022-08-08,서울 ,user1764@example.com
5738,조준영,F,1994-11-20,2022-11-26,서울,user5738@example.com
4416,서은성,F,,2021-12-26, 부산,user4416@example.com
1721,전수예,남,1966-10-07,2023-01-15,인천,user1721@example.com
3157,서성경,M,1954-11-25,2021-05-01,인천,user3157@example.com
4945,권도예,M,1996-06-08,2023-12-30,서울,user4945@example.com
3246,오은민,F,1986-04-20,2023-07-26,인천,user3246@example.com
1899,서서민,F,,2024-04-12,서울,user1899@example.com
3053,전진연,남,2004-10-25,2022-02-23,대전 ,user3053@example.com
1812,신현수,여,1999-01-26,2023-09-15,서울,user1812@example.com
2658,안서아,,1969-10-28,2021-04-04,서울,user2658@example.com
2680,전도연,여,1979-04-11,2023-05-12,울산,user2680@example.com
3567,서경우,M,1957-08-18,2020-02-12,고양,user3567@example.com
2413,황준경,남,1989-10-25,2021-06-07,인천,user2413@example.com
2786,최하수,M,1991-01-11,2023-11-16,부산,user2786@example.com
2631,송하예,F,1992-07-08,2020-06-08,울산 ,user2631@example.com
1669,박현현,M,1966-08-26,2021-02-10,서울,user1669@example.com
4311,장재지,M,1998-10-12,2024-05-01,부산,user4311@example.com
2674,권성태,여,1956-10-07,2022-08-20,서울,user2674@example.com
1736,권연민,,1994-02-06,2020-01-26,대구,user1736@example.com
2994,황연성,F,2003-01-24,2024-01-07,울산,user2994@example.com
1796,홍예지,여,1979-02-28,2024-01-29,부산,user1796@example.com
2424,강지준,F,1956-06-12,2023-04-17,서울,user2424@example.com
5939,조성서,F,1965-07-29,2024-04-19,대전,user5939@example.com
3060,송민경,M,1999-07-17,2021-02-25,서울,user3060@example.com
5376,조현준,M,,2022-03-18,인천,user5376@example.com
2610,황수은,남,1998-05-24,2022-12-19,울산,user2610@example.com
2542,이준은,M,1969-02-17,2020-01-08,부산,user2542.com
1329,오현지,남,1975-04-25,2020-01-25,인천,user1329@example.com
3222,김태아,여,1985-12-31,2020-09-06,광주,user3222@example.com
1196,조도태,F,1984-07-08,2022-08-09,수원,user1196@example.com
3736,오서아,,2005-04-28,2024-01-04,수원,user3736@example.com
2425,안아성,남,1964-02-29,2022-02-15,울산 ,user2425@example.com
2198,안서지,F,1955-09-25,2022-03-26,서울,user2198@example.com
3785,박준아,남,1991-02-15,2020-02-05,인천 ,user3785@example.com
1118,정민선,F,1957-04-21,2022-06-10,수원 ,user1118@example.com
4465,권서진,M,1998-11-16,2021-04-26,서울,user4465@example.com
3321,김서서,여,1960-10-09,2021-02-02,대전,user3321@example.com
4953,임태준,여,1992-08-06,2021-04-01,인천,user4953@example.com
3827,전경지,F,2003-11-23,2023-08-05, 세종,user3827@example.com
4731,송지현,여,1993-02-13,2020-02-01,광주,user4731@example.com
4893,정현경,F,1992-02-09,2020-10-27,울산,user4893@example.com
4637,임진선,M,1981-04-25,2023-03-10,인천,user4637@example.com
3510,최성선,M,1967-06-12,2024-05-19, 대구,
1661,권우태,,1983-04-28,2023-08-20,인천,user1661@example.com
3280,황진영,남,1962-07-20,2020-07-27,수원,user3280.com
4996,김서태,M,1986-01-25,2022-01-24,수원,user4996@example.com
2461,조예아,M,2004-05-24,2022-07-06,수원,user2461@example.com
5517,이우현,남,2003-09-01,2024-01-09,대전 ,user5517@example.com
3273,임은도,M,1981-05-05,2023-09-09,수원,user3273@example.com
2063,권진민,여,2003-12-09,2020-09-04,부산,user2063@example.com
4562,장선성,F,1972-10-05,2024-04-01,서울,user4562@example.com
3136,한예성,M,1970-11-11,2020-06-12,수원,user3136@example.com
3700,송하선,M,1978-07-17,2020-05-06,대구 ,user3700@example.com
2188,오서민,남,1971-10-14,2021-06-27,고양,user2188@example.com
2795,정아우,F,1994-05-12,2022-10-24,인천,user2795@example.com
4905,황지영,F,1976-10-08,2022-06-22,부산,user4905@example.com
3611,전서경,F,1954-01-13,2021-10-12,대구,user3611@example.com
4914,황선선,M,1984-08-30,2023-06-27,부산,user4914@example.com
4243,한진성,남,2005-01-01,2022-09-09,인천,user4243@example.com
4378,송현서,M,1983-07-18,2022-04-19,광주,user4378@example.com
2036,전경경,여,1959-12-20,2022-01-09,서울,user2036@example.com
4801,오현태,M,1961-05-06,2021-08-06,서울,user4801@example.com
1954,황현준,M,1995-08-16,2020-03-20,대구 ,user1954@example.com
2094,조진은,남,1960-03-04,2020-06-08, 서울,
4044,최선연,남,1975-12-25,2022-07-26,수원,user4044@example.com
1145,송현아,여,2002-10-02,2020-01-15, 대구,user1145@example.com
2018,김현지,남,2001-01-11,2020-02-10,인천,user2018@example.com
3798,권진재,F,1955-08-18,2021-07-22,고양,user3798@example.com
5261,정은선,M,1957-02-11,2023-04-23,서울,user5261@example.com
4814,윤준현,남,,2021-05-29,부산,user4814@example.com
2460,황선선,M,,2023-04-07,부산,user2460@example.com
2539,서지지,M,1992-03-01,2023-03-25,광주,user2539@example.com
1889,강재예,남,1979-10-25,2022-09-10, 대전,user1889@example.com
4931,이민아,,1998-03-24,2021-01-19,서울,user4931@example.com
1524,조서지,여,1958-05-29,2021-08-01,수원,user1524.com
3107,박선현,F,1962-11-21,2023-06-25,인천,user3107@example.com
1578,송민수,M,1987-10-29,2023-09-27,수원,user1578@example.com
2479,장지아,여,1962-07-26,2023-07-03,대구,user2479@example.com
3641,임영도,남,1964-11-10,2020-09-13,세종,user3641@example.com
1299,김진아,여,1995-10-01,2020-10-27,광주,user1299@example.com
4902,한성연,M,1961-09-14,2024-04-28,대구,user4902@example.com
1942,전지태,여,1974-12-06,2023-10-01,대구,user1942@example.com
3366,조영준,M,1968-07-02,2020-08-22,서울,user3366@example.com
5016,강재지,M,1969-06-10,2021-11-28,수원 ,user5016@example.com
3245,안아민,M,1986-04-06,2021-01-19,부산,user3245@example.com
3660,장서하,여,1965-04-04,2020-02-27, 부산,user3660@example.com
3765,한예성,F,1975-10-23,2023-03-16,울산,user3765@example.com
5870,최연우,여,1985-08-20,2021-03-13,인천 ,user5870@example.com
5465,이예영,남,1961-02-27,2022-09-14,수원,user5465@example.com
2490,강선민,남,1986-12-23,2021-08-11,인천,user2490@example.com
4293,강연우,남,1996-10-10,2024-01-13,서울,user4293@example.com
1793,안도재,남,,2021-09-18,울산,user1793@example.com
2964,안현아,남,1972-03-11,2022-05-19,고양,user2964@example.com
4269,홍성도,F,2000-08-18,2020-05-25,서울 ,user4269@example.com
3050,최경영,여,1985-07-26,2021-11-09,고양,user3050@example.com
3243,박아서,여,1977-02-15,2020-01-28,부산,user3243@example.com
5336,황예아,남,1963-09-14,2023-01-01,고양,user5336@example.com
1791,임수서,여,1971-05-31,2021-09-28,서울 ,user1791@example.com
1991,한도준,,1969-10-28,2022-12-27,고양,user1991@example.com
3661,황현연,F,,2021-07-13,광주 ,user3661@example.com
4473,송하경,M,1971-09-27,2021-12-23,울산 ,user4473@example.com
3769,홍서재,남,1985-06-15,2023-06-17,울산,user3769@example.com
5847,이아선,남,1955-03-06,2020-07-18, 서울,user5847@example.com
2940,최지성,남,1995-06-11,2020-02-21, 세종,user2940@example.com
1831,정지태,여,1991-06-20,2021-11-01,고양,user1831@example.com
5755,서선예,M,1959-03-12,2022-09-14,서울,user5755@example.com
2764,오경선,F,1983-08-09,2022-07-24,대구,user2764@example.com
4778,홍태아,남,1954-01-16,2020-04-28,세종,user4778@example.com
4135,김지영,남,1981-03-26,2021-03-25,광주,user4135@example.com
5462,오선선,남,2003-01-12,2024-02-28,대전,user5462@example.com
2981,서연영,남,1957-02-13,2020-10-29,인천,user2981@example.com
1407,박재우,M,1975-10-04,2020-09-22,부산,user1407@example.com
4906,권지선,F,,2023-04-30,고양,user4906@example.com
2176,조현도,M,1969-08-16,2023-10-01, 고양,user2176@example.com
2730,황현수,여,,2023-04-07,부산,
1662,김수은,M,1983-10-29,2022-04-10,서울,user1662@example.com
1106,황경수,M,1956-10-20,2022-01-14,부산,user1106@example.com
5012,신아준,남,1964-01-21,2023-09-20,서울,user5012@example.com
1679,전민수,여,1994-04-08,2021-03-16,인천,user1679@example.com
2609,박지서,M,1965-05-18,2020-08-07,서울,user2609@example.com
2519,임현수,여,1982-05-27,2023-05-11,서울,user2519@example.com
3001,이예은,남,1964-01-18,2022-02-23,고양,user3001@example.com
1876,한현예,남,1977-09-09,2020-06-15,대전,user1876@example.com
2921,한진태,,1955-12-23,2020-11-04,부산,user2921@example.com
2848,한도서,F,,2020-04-02,인천,user2848@example.com
4640,권예민,남,2005-01-28,2020-05-08,인천,user4640@example.com
4697,장서진,여,2003-12-31,2022-10-15, 인천,user4697@example.com
4189,안현준,F,1984-08-17,2020-07-03,부산,user4189@example.com
4340,한예진,남,1978-12-19,2022-02-27, 고양,user4340@example.com
4958,이은민,F,1967-07-09,2023-10-03,부산,user4958@example.com
4447,오현예,F,1970-05-15,2020-05-22,수원,user4447@example.com
2121,이재지,여,1969-12-11,2022-10-21,광주,user2121@example.com
1201,전수우,여,1987-11-02,2022-04-26,부산,user1201@example.com
1460,권민예,남,1984-04-07,2020-11-20,인천,user1460@example.com
4247,이영수,남,1969-11-27,2020-02-26,부산,user4247@example.com
4365,권서아,F,1984-05-23,2021-06-23,고양 ,user4365@example.com
1467,오현영,M,1993-07-06,2021-11-03,서울 ,user1467@example.com
3695,윤성수,남,,2020-12-19,대전,user3695@example.com
2619,홍현서,남,1957-01-28,2020-02-19,고양 ,user2619@example.com
4188,이아영,M,2001-05-18,2020-09-11,세종,user4188@example.com
2030,임수은,,1993-11-16,2021-04-29,서울,user2030@example.com
2147,황경영,F,1998-01-23,2023-10-17,수원,user2147@example.com
5655,최민영,F,1983-07-09,2020-08-06,대구,user5655@example.com
1280,강지선,여,1993-05-21,2023-03-19,대구,user1280@example.com
4667,최경서,여,1989-01-15,2021-05-19,서울,user4667@example.com
1806,한은수,,1968-04-07,2022-09-09,대구,user1806@example.com
1050,황현예,여,1990-12-30,2020-12-05,고양,user1050@example.com
1853,정경준,여,1974-07-11,2021-02-13,수원,user1853@example.com
5406,강재선,M,,2021-08-07, 서울,user5406@example.com
2748,안은도,M,1991-06-08,2020-03-29, 부산,user2748@example.com
5851,권도지,여,1967-05-13,2021-01-23,대구 ,user5851@example.com
3649,조준민,M,1977-11-01,2022-01-27,서울,user3649@example.com
2430,임준태,남,,2023-11-15,수원 ,user2430@example.com
3113,전민영,여,,2024-02-16,대전,user3113@example.com
4831,정우하,M,1994-06-08,2023-04-06,수원 ,user4831@example.com
3741,이성우,여,1975-11-19,2024-01-10,광주 ,user3741@example.com
1064,장영영,남,,2023-09-29,서울,user1064@example.com
4552,전준은,M,1974-11-12,2021-06-18,서울,user4552@example.com
1416,홍서은,남,1966-12-03,2021-08-18,울산,user1416@example.com
3998,장진하,남,1983-12-11,2021-05-16,인천,user3998@example.com
2720,이현선,여,1970-10-13,2021-04-02,대구,user2720@example.com
5662,최서서,남,1982-09-19,2023-05-17,수원,user5662@example.com
3669,홍연선,F,1994-12-06,2023-02-08, 고양,user3669@example.com
2428,강진민,,,2020-04-10,서울,user2428@example.com
3411,김재서,M,1959-12-27,2020-03-17,고양,user3411@example.com
5183,송연현,남,1962-06-03,2022-06-21,대구,user5183@example.com
3843,임은서,여,1983-08-28,2024-01-15,울산,user3843@example.com
3120,황준하,M,1968-11-21,2024-03-02,대구,user3120@example.com
4206,홍서경,남,1993-09-04,2022-04-09, 수원,user4206@example.com
3820,한우진,F,1991-07-08,2020-04-25,서울,user3820@example.com
4626,황진태,남,1980-08-14,2023-07-15,부산,user4626@example.com
1092,안하경,여,1993-05-10,2022-07-13, 인천,user1092@example.com
5893,김현하,M,1962-06-22,2022-06-22,수원,user5893@example.com
3028,한수태,F,1984-07-03,2023-07-17,울산,user3028@example.com
3134,장성예,F,1963-06-11,2023-08-05, 수원,user3134@example.com
4692,최경성,M,1962-02-06,2020-04-02,인천 ,user4692@example.com
1542,최현은,F,1997-08-07,2023-12-22,부산,user1542@example.com
1555,한선민,M,1981-10-11,2020-01-25,서울,user1555@example.com
4282,홍아재,F,1985-05-08,2020-08-16,서울,user4282@example.com
2647,신도성,F,1986-11-07,2020-06-05,인천,
1401,황성영,여,1980-04-09,2020-01-06,서울 ,user1401@example.com
1293,조태영,여,1976-01-10,2020-07-30,울산,user1293@example.com
1247,장경성,F,1984-06-15,2022-07-01,대구 ,user1247@example.com
5189,전진태,F,1987-06-03,2024-03-16,수원 ,user5189@example.com
1258,최도경,여,1961-06-29,2021-12-11,대구,user1258@example.com
1372,장영성,여,1989-12-12,2020-02-03,인천,user1372@example.com
5623,이은선,여,1969-10-02,2021-09-28,서울,
5701,이예도,남,1960-02-27,2021-09-13,서울,user5701@example.com
3393,정수연,남,1967-04-27,2021-08-10,부산 ,
3748,장서수,M,1961-11-26,2021-08-09,수원,user3748@example.com
2737,이지하,여,1979-09-10,2023-07-03,대구,user2737@example.com
5631,강도서,M,1980-05-07,2021-02-26,대전,user5631@example.com
5527,이지수,M,1970-09-01,2021-06-25,광주,user5527@example.com
3451,송아태,F,1973-07-28,2020-06-16,울산,user3451@example.com
4458,안민지,F,1977-12-07,2022-09-23,대전,user4458@example.com
4556,권도지,남,1986-02-15,2024-05-04,서울,user4556@example.com
1751,박하지,F,1996-02-20,2022-05-19,대구,user1751@example.com
2980,신서우,F,1999-10-26,2022-03-16,고양,user2980@example.com
5822,전선재,,,2022-08-04,수원,user5822@example.com
2275,권재준,M,1961-11-07,2020-12-23,부산,user2275@example.com
1605,한성준,여,1997-07-02,2021-06-26,광주,user1605@example.com
5522,한연태,M,1977-03-05,2021-05-26,서울,user5522@example.com
2770,조아우,M,1981-04-09,2022-06-13,서울,user2770@example.com
1972,임영성,F,1961-08-25,2023-10-07,수원,user1972@example.com
4316,서지성,여,2005-09-09,2023-06-21,수원,user4316@example.com
4848,권선지,M,1993-01-25,2024-01-23,부산,user4848@example.com
3110,강도지,M,1983-03-17,2023-01-20, 대구,user3110@example.com
2523,최태진,남,2005-06-19,2020-11-22,서울,
1482,강은우,여,1961-05-19,2024-03-27,서울 ,user1482@example.com
3362,홍성은,M,1998-05-16,2021-10-15,부산,user3362@example.com
3833,한영예,남,1992-12-09,2023-02-14,인천,user3833@example.com
4164,박은은,F,1983-06-08,2022-11-12,고양,user4164@example.com
4227,윤서경,F,1991-06-04,2021-08-04,부산,user4227@example.com
5635,황준수,남,1983-10-27,2023-02-05,울산,user5635@example.com
2447,홍현성,남,1977-04-05,2023-07-27,인천,user2447@example.com
3151,조아아,M,1990-02-19,2022-06-23, 서울,user3151@example.com
1343,한재은,여,1969-01-19,2020-09-10,부산 ,user1343@example.com
5611,조은민,,1988-02-10,2021-12-10,서울,user5611@example.com
1745,윤서아,여,1968-11-19,2024-05-30, 부산,
2580,강서우,F,1979-10-26,2021-10-27, 수원,user2580@example.com
2551,송태아,,1974-01-30,2020-10-19,서울,user2551@example.com
3137,김우재,M,1992-02-09,2021-11-08,세종,user3137@example.com
3653,윤우우,F,1988-04-13,2021-01-29,서울,user3653@example.com
4644,홍현아,M,1996-09-19,2024-05-23,서울,user4644@example.com
5384,윤경우,F,1996-06-29,2023-04-01,고양 ,user5384@example.com
5785,윤우아,F,1978-10-12,2021-07-28,대구,user5785@example.com
1918,강경성,남,,2023-05-02,수원,user1918@example.com
5454,서연아,F,1983-04-12,2023-10-20,수원,user5454@example.com
1830,정현예,남,1954-04-11,2023-09-23,고양,user1830@example.com
1455,오하민,남,,2024-04-25,부산,user1455@example.com
4611,신민서,F,1985-07-20,2020-01-12,인천,user4611@example.com
3657,강현재,남,1969-06-04,2023-04-11,울산,user3657@example.com
1692,전영준,M,,2024-02-12, 울산,user1692@example.com
2200,송민아,M,1969-08-10,2021-04-14,광주,user2200@example.com
4187,장경성,F,,2020-12-18,인천,user4187@
5797,박진준,여,2004-12-27,2021-10-03,세종 ,user5797@example.com
3480,신아민,F,1988-12-30,2020-10-21,울산,user3480@example.com
3688,서선수,여,1956-05-06,2022-06-18,인천,user3688@example.com
4912,최선준,M,1956-10-08,2020-02-27,서울,user4912@example.com
1582,박성태,여,1965-08-23,2023-01-03,부산,user1582@example.com
1157,오태진,남,2000-02-26,2022-11-05,인천,
4661,임지하,여,1982-12-02,2022-12-24,수원,user4661@example.com
4062,윤서서,,1989-07-22,2022-09-08,서울,user4062@example.com
3295,안도성,여,1989-12-01,2022-03-29,인천,user3295@example.com
4233,김연진,남,1963-06-19,2022-07-25,서울,user4233@example.com
5266,윤재아,여,1969-09-07,2022-02-17,서울,user5266@example.com
1261,최지현,남,1994-05-19,2022-10-21,서울 ,user1261@example.com
3889,최예수,여,1980-10-04,2021-12-08,부산,user3889@example.com
2009,한아경,F,1989-04-25,2020-12-10,인천,user2009@example.com
4518,신재예,M,1981-11-21,2020-04-26,서울,
3968,권서성,여,1954-02-19,2022-10-18,대전 ,user3968@example.com
1389,최도은,여,1982-05-11,2020-02-05,인천,user1389@example.com
2135,이연현,남,1989-03-20,2020-12-31,고양,user2135@example.com
5937,오태도,남,1982-10-07,2023-04-29,광주,user5937@example.com
5385,권은연,F,2002-03-28,2020-08-01,서울 ,user5385@example.com
5329,송우선,여,1957-12-15,2020-07-31,대전,user5329@example.com
3985,서현선,,1968-09-01,2023-02-13,대구,user3985@example.com
3813,홍경은,남,1954-07-19,2021-03-08,수원,user3813@example.com
1292,홍경민,F,1955-08-04,2020-03-23, 광주,user1292@example.com
4404,윤진수,남,2005-03-25,2022-05-16,수원,user4404@example.com
4645,한진도,여,1975-01-14,2024-03-02,고양 ,user4645@
5866,임우우,F,2006-06-20,2022-04-14,서울,user5866@example.com
4499,장우진,M,1973-07-27,2022-04-16,광주 ,user4499@example.com
5895,장준은,남,1966-07-21,2021-06-10,서울,
2942,송민재,F,1955-06-07,2022-12-30,인천,user2942@example.com
2434,조우진,M,1981-12-18,2023-03-15,광주,user2434@example.com
4140,임성서,남,1976-11-30,2023-04-11,대구,user4140@example.com
4437,신선현,남,1983-01-04,2024-02-28,부산,user4437@example.com
5171,강태수,남,1987-01-30,2024-01-15,부산,user5171@example.com
4871,박하태,F,1983-06-07,2020-10-26,고양,user4871@example.com
3021,신재민,F,1963-08-21,2020-04-19,울산,user3021@example.com
5322,임아진,,1987-06-23,2024-02-13,광주,user5322@example.com
4396,임준경,남,1962-07-22,2022-02-11,인천,user4396@example.com
5432,송재은,여,1989-04-25,2024-01-15,서울,user5432@example.com
5307,황현서,여,2002-03-05,2023-05-16,수원,user5307@example.com
4156,황도민,M,1974-06-04,2021-06-23,부산,user4156@example.com
5149,윤준지,여,1971-08-08,2021-06-05,서울,
4098,최재우,M,,2020-09-29,수원,user4098@example.com
3800,황수경,F,2006-01-15,2022-09-15,부산,user3800@example.com
1797,임우영,M,,2024-04-12,수원,user1797@example.com
3675,오진태,F,2000-03-13,2021-06-12,부산 ,user3675@example.com
2242,홍준선,F,1968-12-11,2021-07-07, 인천,user2242@example.com
4066,안예연,M,1969-06-04,2020-11-08,부산,user4066@example.com
5115,임영서,,2002-06-04,2023-06-15,인천,
4998,권경선,M,1964-02-16,2021-09-27, 서울,user4998@example.com
1962,안영민,F,1965-03-17,2021-07-28, 부산,user1962@example.com
3667,홍경서,남,1989-04-01,2023-04-28,인천,user3667@example.com
3010,임준우,F,1959-05-22,2022-05-03,서울,user3010@example.com
1841,신서지,F,1980-02-13,2023-10-09,서울,user1841@example.com
3058,윤태민,F,1981-10-25,2024-04-25,고양 ,user3058@example.com
1865,신서연,여,1968-01-13,2024-03-26,인천,user1865@example.com
1818,신도준,남,1999-08-26,2020-11-12,서울,user1818@
2524,서우은,M,1956-10-11,2024-02-12, 수원,user2524@example.com
5749,윤연재,여,2005-04-09,2022-09-02,서울,
4105,조영진,여,1977-01-02,2021-07-10,울산,user4105@example.com
4448,서아수,M,,2023-08-07,서울,
3374,신도영,M,2001-06-09,2020-06-19,인천 ,
4879,김준수,여,1983-09-15,2024-02-12,서울 ,user4879@example.com
4844,전예은,M,1969-08-31,2020-11-07,서울,user4844@example.com
1028,한경우,여,1984-11-04,2023-09-08,서울,user1028@example.com
4352,박도태,M,1971-06-11,2021-07-04,서울,user4352@example.com
5604,정도준,F,1990-04-14,2023-06-09,서울 ,user5604@example.com
3268,박준경,M,1971-03-15,2023-05-07,대전,user3268@example.com
1198,조하수,남,1998-05-18,2021-10-03,서울,user1198@example.com
4574,홍예경,,1982-12-17,2020-07-11,인천,user4574@example.com
1368,김연하,M,1975-08-12,2021-02-17,세종,user1368@example.com
3990,임수민,F,1996-04-07,2021-03-30, 수원,user3990@example.com
4878,최수예,여,1978-09-23,2023-05-19,부산,user4878@example.com
5721,안선하,남,1958-11-12,2020-04-06,서울,user5721@example.com
3336,임영성,M,1955-08-19,2022-06-12,부산,user3336@example.com
1817,박은하,여,1961-01-16,2023-06-08,부산,user1817@example.com
5518,권아하,남,1969-07-23,2024-01-28,서울,user5518@example.com
5185,오민서,M,1991-10-19,2023-01-15, 부산,user5185@example.com
5764,장영예,남,1978-09-15,2024-03-18,수원,user5764@example.com
4984,송하성,M,1993-09-03,2022-04-01, 인천,user4984@example.com
3298,정예하,남,1987-08-18,2021-12-24, 서울,user3298@example.com
5083,황예준,F,1996-10-17,2024-01-03,세종,user5083@example.com
3174,정서현,여,1979-12-26,2021-12-20,서울,user3174@example.com
5803,황우현,F,1957-10-21,2021-07-17, 대전,
1905,권진하,남,2003-09-18,2022-10-07,부산,user1905@example.com
4285,임아예,F,1977-12-09,2022-05-30,광주,user4285@example.com
4481,정현도,F,2006-01-16,2023-02-22,서울,user4481@example.com
4662,홍하서,여,,2024-03-19,대전,user4662@example.com
2602,안현연,F,1966-01-08,2021-09-28,서울,user2602@example.com
3270,조하영,M,1957-01-18,2024-04-16,서울,user3270.com
3368,최성준,M,2004-11-14,2023-01-09,서울,user3368@example.com
3078,강예태,M,1956-03-24,2022-03-07,서울,user3078@example.com
3664,정연연,M,1965-03-18,2020-12-04,서울,user3664@example.com
4947,윤진성,남,1984-03-02,2020-08-07,광주 ,user4947@example.com
5415,장연태,F,1968-08-04,2020-08-31,서울,user5415@example.com
2884,서서은,F,1966-06-16,2020-03-13,대전,user2884@example.com
1737,조우예,남,2004-04-08,2022-11-12,부산,user1737@example.com
2694,최연수,F,1995-07-24,2021-12-31, 인천,user2694@example.com
4376,한은은,M,1961-02-04,2023-10-01, 고양,user4376@example.com
2416,서선현,,2003-11-01,2021-12-02,인천,user2416@example.com
1466,최하우,,2000-07-06,2020-06-19,서울,user1466@example.com
1342,서은진,M,,2022-01-08,서울,user1342@example.com
2933,홍현연,여,1974-05-01,2023-03-22,서울,user2933@example.com
3919,윤도우,M,1975-10-12,2024-02-02, 서울,user3919@example.com
3745,장재아,여,2005-12-08,2022-04-09,대구,user3745@example.com
3740,최아태,F,1985-09-30,2022-12-16,대전,user3740@example.com
3686,정지경,M,2000-07-23,2021-06-06,대구,user3686@example.com
3812,최성은,,1983-01-25,2024-05-21,대구,user3812@example.com
5230,이아지,여,1965-03-20,2023-11-12,서울,user5230@example.com
5338,권은준,M,1965-05-19,2021-10-18,부산,user5338@example.com
1601,황하도,M,1986-04-27,2023-10-01,인천,user1601@example.com
3489,윤도민,남,1985-07-08,2022-04-01,서울,user3489@example.com
2123,정수성,여,2001-08-24,2023-07-02,고양,user2123@example.com
3146,최현수,여,1970-01-26,2023-05-29,대전,user3146@example.com
1835,황수연,M,1989-08-13,2022-12-08,서울,user1835@example.com
4559,임선진,여,2006-04-19,2020-07-08, 수원,user4559@example.com
4650,박선성,M,1980-06-21,2022-08-20,부산,user4650@example.com
2517,김서서,M,1962-10-14,2024-02-08,부산,user2517@example.com
4251,권준수,남,1957-04-25,2022-03-13,수원,user4251@example.com
3201,김하예,M,1982-02-10,2023-03-05,대전,user3201@example.com
4324,장서예,,1982-11-29,2021-08-29,부산,user4324@example.com
1977,오진경,F,1980-07-24,2022-01-05, 서울,user1977@example.com
4399,권연은,남,1999-11-11,2021-07-22,서울,user4399@example.com
2563,전지아,M,1977-01-24,2022-11-26,인천,user2563@example.com
3349,한아서,여,1985-05-31,2020-04-23, 서울,user3349@example.com
2117,오우연,M,1980-09-29,2020-02-21,서울,user2117@example.com
5206,전선태,F,1994-06-04,2020-01-23,광주 ,user5206@example.com
4313,정수아,여,1982-06-21,2021-07-05,대구,user4313@example.com
4609,신재예,여,1981-03-04,2023-06-29,부산,user4609@example.com
1447,홍하민,남,1986-05-20,2024-01-10,울산,user1447@example.com
3159,조준현,F,1997-09-09,2021-12-20,고양,user3159@example.com
2719,한하연,남,1981-06-22,2020-05-16, 인천,user2719@
3818,박준선,남,1976-12-17,2023-12-20,서울,user3818@example.com
2141,조태예,여,1989-10-15,2021-11-07,대전,user2141@example.com
5590,신민재,,1987-10-04,2021-06-21,울산,user5590@example.com
3721,신예현,M,1994-04-06,2020-12-18,인천,user3721@example.com
4489,권영도,F,,2022-05-21,서울,user4489@example.com
1714,전성진,M,1967-06-25,2022-04-23,인천,user1714@example.com
4229,안현예,M,1962-07-31,2023-04-09,서울,user4229@example.com
5375,오도우,여,1978-09-05,2023-09-20,울산,user5375@example.com
3495,정아지,M,1965-01-24,2021-07-14,대구,user3495@example.com
3801,장예연,여,1989-03-12,2024-05-12,수원,user3801@example.com
4366,서영수,F,1984-09-20,2022-01-30,부산,user4366@example.com
4112,이현아,F,1966-11-24,2024-03-21,서울,user4112@example.com
5668,권예지,,1980-05-05,2020-08-08,울산,user5668@example.com
3646,오수선,F,1963-10-28,2021-02-05,광주 ,user3646@example.com
1063,홍경우,M,1957-03-30,2020-11-14,세종 ,user1063@
1514,홍현은,여,1967-10-17,2022-03-21,울산,user1514@example.com
2825,전경수,M,1995-08-30,2024-05-19,서울,user2825@example.com
1324,홍수연,F,1999-05-16,2021-04-02,인천,user1324@example.com
5535,한연재,남,1977-10-18,2020-08-28,대전,user5535@example.com
5175,조준재,여,1995-11-15,2022-09-01, 서울,user5175@example.com
2915,한태수,M,2004-01-12,2020-12-11,대구,user2915@example.com
1435,박아재,F,1995-11-26,2023-10-14, 울산,user1435@example.com
3109,강도서,F,2000-07-14,2020-04-04,대구 ,user3109@example.com
3890,박도서,여,,2021-05-29,인천,user3890@example.com
5402,윤민서,남,1986-10-24,2021-11-05,대구,user5402@example.com
1832,임아우,M,2000-10-04,2021-03-30,부산 ,user1832@example.com
3207,안재우,남,1970-10-22,2023-06-14,울산,user3207@example.com
1096,정연태,남,1996-02-10,2020-06-30,대구,user1096@example.com
1667,송현하,남,1981-10-13,2021-02-02,대구 ,user1667@example.com
3973,홍지성,여,1971-03-28,2021-02-15,대구,user3973@example.com
5801,오진민,M,1962-05-07,2022-11-07,서울,user5801@example.com
2630,오도영,F,1982-02-14,2021-07-28,서울,user2630@example.com
3532,전도영,남,1955-12-25,2020-08-05,부산,user3532.com
1139,장성예,M,1966-12-29,2023-02-10,인천,user1139@example.com
1874,신성현,남,1966-11-25,2021-02-13, 세종,user1874@
1631,조선민,F,1958-07-13,2023-11-03,서울,user1631@example.com
1644,황아진,,1961-05-25,2024-04-13,고양,user1644.com
4899,전진경,남,1989-10-26,2023-01-23,서울,user4899@example.com
2296,강연현,M,1972-10-28,2023-05-14,서울,user2296@example.com
4542,이도민,,1984-05-04,2021-07-18,서울,user4542@example.com
5687,강성지,F,1964-03-24,2023-05-21,울산,user5687@example.com
1515,박진경,M,1993-11-08,2022-09-24,대구,user1515@example.com
3922,박예하,여,1996-03-26,2021-08-24,서울,user3922@example.com
4041,강민예,남,1988-07-12,2021-12-15,대전 ,
4680,권예은,M,,2023-08-12,부산,user4680@example.com
5252,홍은선,F,1996-08-12,2021-03-22,부산,user5252@example.com
1256,신재지,F,2004-04-24,2020-10-29,인천,user1256@example.com
3873,정도준,F,1972-08-14,2021-07-23,세종,user3873@example.com
1564,송성우,여,1980-01-01,2020-05-15,부산,user1564@example.com
5373,안경지,M,,2021-02-18,고양 ,user5373@example.com
3445,송민하,남,1970-03-17,2023-10-27,서울,user3445@example.com
2231,권아우,남,1984-08-21,2020-07-08,서울,user2231@example.com
5366,최태태,F,1985-02-17,2023-12-19,대구,user5366@example.com
4915,이선선,여,,2021-09-01,광주 ,user4915@example.com
1195,이연선,M,1979-01-26,2023-10-05,울산,user1195@example.com
5233,강도재,남,1959-09-14,2020-01-23,서울 ,user5233@example.com
3158,안준우,여,1973-05-10,2020-10-07,대구,user3158@example.com
4022,윤예현,남,1982-08-27,2021-03-23,인천,user4022@example.com
1362,정우경,F,1956-01-06,2022-01-06,서울,user1362@example.com
3674,전아우,M,1963-05-19,2020-06-27,수원,user3674.com
1161,신영민,남,1970-04-22,2020-12-31,광주,user1161@example.com
2923,장은지,여,1997-02-13,2021-10-27,서울 ,user2923@example.com
4649,권영성,F,2002-05-04,2020-07-31,서울,user4649@example.com
3452,이서성,여,1981-12-01,2020-12-17,대전,user3452@example.com
3626,홍경도,남,2001-09-29,2023-07-13,수원,
5546,오하연,M,,2022-08-25,대전 ,user5546@example.com
2307,정영경,남,1974-09-24,2021-12-12,수원,user2307@example.com
4642,전우서,M,1992-04-17,2020-08-14,부산,
4108,전수경,여,2003-01-04,2023-07-15,부산,user4108@example.com
4876,신우연,,1962-07-04,2020-12-24,서울 ,user4876@example.com
4360,홍서영,F,1994-12-07,2023-04-29,수원,user4360@example.com
5864,송성수,남,1976-07-25,2022-06-06,서울,user5864@example.com
1274,장성태,여,1974-03-27,2020-07-05,대전 ,user1274@example.com
2641,이태선,남,1999-10-15,2022-03-19,부산,user2641@example.com
4204,강예서,여,1987-12-17,2021-06-05,부산,user4204@example.com
5576,이선선,M,1996-12-28,2021-10-30,대구,user5576@example.com
5263,황아선,여,1969-04-06,2020-06-12,수원,user5263@example.com
3359,정은지,F,1965-08-30,2022-11-07, 광주,
3847,윤지재,F,1988-10-05,2022-12-25,서울,user3847@example.com
5562,김도서,M,1957-01-22,2021-01-03,수원,user5562@example.com
1026,장진진,M,1962-07-13,2020-03-13,고양,user1026@example.com
4601,서민민,남,1988-06-18,2023-08-21, 부산,user4601@example.com
5216,임재경,M,1989-06-19,2021-08-18,인천,user5216@example.com
3409,김서예,여,1998-04-21,2021-09-08,수원,user3409@example.com
2023,안서지,M,1973-02-10,2020-08-14,서울,user2023@example.com
2281,권수예,M,1957-09-29,2022-06-30,광주,
1328,박하서,F,1999-03-09,2022-07-05,부산 ,user1328.com
5488,신은하,남,1976-01-12,2021-03-08,고양 ,user5488@example.com
5116,김아준,남,1975-09-14,2021-09-29,부산,user5116@example.com
3577,임우선,남,1959-05-02,2021-02-15,인천,user3577@example.com
3147,전지아,남,1957-11-19,2020-07-11,고양,user3147@example.com
1938,임영민,M,1995-01-14,2020-04-20,고양,user1938@example.com
1191,서민태,남,1960-06-19,2024-02-21,수원,user1191@example.com
1760,최준진,F,1993-11-11,2023-04-24,대전,user1760@example.com
4286,박태은,M,2002-03-25,2024-02-22,광주,user4286@example.com
3904,신재지,F,2005-07-07,2023-06-18,광주,user3904@example.com
3935,정현우,F,1979-10-26,2023-08-03,세종,user3935@example.com
1100,안예은,M,1960-09-20,2022-07-26,고양,user1100@example.com
4118,김선아,여,1991-02-10,2021-06-16,서울,user4118@example.com
1357,송재경,여,1979-01-04,2023-10-22,서울,user1357@example.com
3486,정선성,F,1965-04-18,2020-01-12,대전,user3486@example.com
5896,송진수,남,1954-06-21,2020-10-10,수원,user5896@example.com
4168,안예성,M,1989-02-24,2022-02-23,인천,user4168@example.com
4659,임민재,남,1994-10-15,2021-12-03,대구 ,user4659@example.com
5166,임하도,남,2004-11-08,2021-04-21,대전,user5166@example.com
2405,최하진,남,1974-06-15,2023-06-06,부산,user2405@example.com
3815,이재경,남,1982-12-09,2022-01-30,서울,user3815@example.com
4880,송경준,여,1975-06-26,2024-05-31,서울,user4880@example.com
3992,최진우,M,,2022-08-27,대전,user3992@example.com
1112,오수영,여,1986-01-13,2022-08-27,서울,user1112@example.com
4892,장수선,남,,2021-10-14,세종,
3555,박도은,남,1961-02-20,2021-11-09,서울,user3555@example.com
1275,임도예,남,1996-10-20,2020-07-25,서울,user1275@example.com
2301,장현성,여,1973-05-25,2023-05-02, 대전,
3161,정연하,남,1955-12-23,2024-03-18,대구,user3161@example.com
3717,신도은,남,1964-08-09,2023-07-25,부산,user3717@example.com
1600,서수서,남,,2023-01-21,서울 ,
2877,송서선,M,1970-06-07,2021-12-22, 서울,user2877@example.com
2377,황재민,M,1962-01-29,2021-03-22,인천,user2377@example.com
5226,장서지,여,1973-10-26,2020-02-03,대전,user5226@example.com
3520,장재성,M,1991-09-02,2023-12-14,울산,user3520.com
4828,신지도,M,2004-11-16,2021-09-25,고양,user4828@
5118,정성진,F,1985-10-16,2021-02-20,수원,user5118@example.com
3002,윤선우,,1968-06-30,2023-06-15,부산,user3002@example.com
2754,서아재,남,2000-03-05,2020-04-28,인천,
1882,장선예,F,1995-06-13,2022-05-27,수원,user1882@example.com
3285,안현수,F,1982-12-04,2023-11-19,부산,user3285@example.com
1996,한준재,F,1979-02-06,2023-12-18,인천,user1996@example.com
1222,권아재,남,1976-08-18,2022-01-14, 인천,user1222@example.com
3654,송서영,F,,2020-10-31, 인천,user3654@example.com
1130,오은서,여,1986-10-20,2021-04-26,대전,user1130@example.com
2211,황우아,남,1978-12-29,2022-11-01,대구,user2211.com
3566,안민선,M,1957-04-23,2022-04-04,수원,user3566@example.com
4479,황진도,M,1988-02-17,2021-11-18,고양,user4479@example.com
1948,전수경,M,2002-06-24,2020-06-01,대전,user1948@example.com
1077,정서경,M,1995-05-10,2020-05-13,서울,user1077@example.com
2113,강서현,M,,2022-04-21,서울,user2113@example.com
4981,이현재,F,1973-07-01,2021-08-04, 서울,user4981@example.com
4846,황은지,M,2000-11-22,2022-09-21,인천 ,user4846@example.com
2039,안진서,여,,2023-06-29,수원,user2039@example.com
1919,서영선,여,,2020-01-08,수원,user1919@example.com
1248,황진진,M,1992-04-28,2020-02-05,대구 ,user1248@example.com
4619,이아우,여,1972-09-17,2023-03-11,인천,user4619@example.com
4707,황선하,M,1965-01-04,2024-02-22,고양,user4707@example.com
1464,김은진,F,1963-10-16,2020-05-25,서울,user1464@example.com
3640,정지선,F,1996-04-11,2022-02-04,고양,user3640@example.com
5024,임현연,F,1978-08-03,2023-04-16,세종 ,user5024@example.com
5445,장도재,남,1964-12-28,2020-02-20,부산,user5445@example.com
4208,장경선,여,1964-10-22,2023-03-29,고양,user4208@example.com
5737,윤예도,남,1988-09-04,2021-04-02,광주,user5737@example.com
5268,김지경,M,1966-10-25,2022-07-23,인천,user5268@example.com
1187,윤영하,F,1985-07-28,2020-03-14,부산,user1187@example.com
4331,송하지,F,,2024-06-22,대구,user4331@example.com
2751,송민현,남,1965-01-12,2020-10-21,울산,user2751@example.com
3707,조경현,남,1971-06-12,2024-02-26,광주,user3707@example.com
4636,한연도,여,1985-01-21,2022-06-22,서울,user4636@example.com
5879,황은우,F,1989-06-17,2021-05-16,서울,user5879@example.com
1128,오선연,M,1994-01-18,2020-07-17,대구,user1128@example.com
2646,조아태,남,1960-03-28,2023-04-14,대구,user2646@example.com
5032,강아우,남,1981-06-01,2022-09-29,광주,user5032@example.com
2207,권수현,M,2006-05-08,2023-12-19,대전,user2207@example.com
5151,한서성,남,1996-04-02,2021-08-01,인천,user5151@example.com
4616,이연준,M,,2021-12-22,대전,user4616@example.com
2014,한재민,M,1966-06-22,2021-03-15,서울,user2014@example.com
3223,장하예,M,1990-09-18,2020-11-30,대구,user3223@example.com
1113,임수연,M,1971-08-04,2020-09-30,인천,
3598,홍도우,F,1995-06-16,2021-08-15,부산 ,user3598@example.com
3057,권수현,F,1959-11-15,2023-05-22, 서울,user3057@example.com
1572,강연재,M,1978-11-20,2024-03-15,고양,user1572@example.com
2567,서진아,M,1960-09-19,2021-10-29,인천,user2567@example.com
4868,정연재,여,1993-07-19,2021-09-29,수원,user4868@example.com
4007,장도준,M,1964-07-14,2023-10-07,서울,user4007@example.com
4367,강도진,F,1986-11-16,2021-01-09,대전,user4367@example.com
1618,이은성,남,1994-08-02,2024-01-19,광주,user1618@example.com
4490,박도민,여,,2022-10-03,부산 ,user4490@example.com
3307,최수선,F,1977-06-23,2023-08-19,울산,user3307@example.com
2620,강선영,남,1998-09-18,2024-04-25,수원,user2620@example.com
4685,최연재,M,1990-11-24,2020-08-01,광주,user4685@example.com
1592,정준민,여,,2023-10-21,부산,user1592@example.com
5508,강연아,여,1975-12-29,2020-12-04,대전 ,user5508@
1663,정은은,남,1964-01-06,2024-05-20,부산,user1663@example.com
5077,서지민,남,1981-02-02,2022-02-16,서울,user5077@example.com
4992,박경아,F,1957-04-26,2020-02-21, 대구,user4992@example.com
2157,송연태,여,1971-02-19,2021-11-16,부산,user2157@example.com
5162,오아수,M,1973-01-15,2024-06-08,서울,user5162@example.com
5011,송도도,남,1965-10-24,2022-04-28,인천,user5011@example.com
2408,김민하,여,2005-07-13,2024-01-21,광주 ,user2408@example.com
4597,오아도,F,1994-05-05,2023-02-17,수원,user4597@example.com
3828,서예경,M,2005-04-16,2020-11-14,대구,user3828@example.com
1276,임은재,F,,2022-04-26,수원,user1276@example.com
2910,이재준,,1957-09-20,2023-02-17,부산,user2910@example.com
5728,박선은,F,1979-09-06,2021-12-29,광주,user5728@example.com
5250,장도하,M,1993-01-03,2023-02-01, 대전,user5250@example.com
1003,장지재,,1972-01-29,2024-06-03,서울,user1003@example.com
3647,황예민,M,1999-07-24,2023-03-02,광주 ,user3647@example.com
5768,박진진,남,2006-07-15,2020-12-20,수원,user5768@example.com
5414,임은아,남,1979-04-11,2024-04-12,세종 ,user5414@example.com
3779,김경재,F,1955-10-24,2023-10-10,대구,user3779@example.com
5359,홍예은,여,1992-12-21,2024-05-03,부산,user5359@example.com
4816,임우진,남,2000-11-22,2022-01-27,서울 ,user4816@example.com
5291,전우준,,2001-08-18,2021-05-13,부산,user5291@example.com
1668,전경경,F,1987-01-29,2023-05-14,고양,user1668@example.com
4723,홍민준,남,1958-10-11,2022-07-02, 인천,user4723@example.com
1009,이경우,,2006-02-02,2024-05-02, 광주,user1009@example.com
4773,박성서,남,1969-10-20,2020-08-23,고양,
2400,송은태,여,1960-08-08,2022-10-20,부산,
3467,신예영,남,,2023-11-25,광주 ,user3467@example.com
3083,신수영,F,1970-10-11,2021-01-18, 부산,
5395,한민연,F,,2021-01-20,부산,user5395@example.com
1226,안우예,M,2003-08-06,2023-12-29,대구,user1226@example.com
2986,안도하,남,2001-09-28,2021-09-11,세종,user2986@example.com
2435,박진아,남,1996-09-01,2020-05-11,서울,user2435@example.com
1794,장민연,여,1986-07-02,2020-03-19,인천,user1794@example.com
1936,최태도,F,1970-08-07,2023-03-28,서울,user1936@example.com
4546,장태서,F,1965-12-05,2023-02-19, 광주,user4546@example.com
3472,장현민,여,1964-01-06,2022-05-24,부산,user3472@example.com
5654,박예하,M,2001-01-03,2024-06-10,서울,user5654@example.com
2101,임지현,여,1992-08-21,2021-09-01,부산,user2101@
1761,오경연,남,1993-03-23,2024-01-01,서울,user1761@example.com
5018,최하우,M,1960-08-07,2020-05-10,인천 ,user5018@example.com
1488,황예지,여,2006-09-05,2021-04-29, 수원,user1488@example.com
3902,송우은,M,1955-05-30,2020-10-25,광주,user3902@example.com
4882,오태도,여,,2020-12-19,대전,user4882@example.com
5696,이하수,여,1989-05-06,2023-09-08, 광주,user5696@example.com
4869,권현경,남,1966-04-20,2020-08-30,대전,user4869@example.com
2192,최성서,여,1996-08-14,2020-08-19,수원,user2192@example.com
3111,신민도,여,1960-04-07,2020-10-17,서울,user3111@example.com
4133,이연재,여,1979-10-14,2020-04-18,서울,user4133@example.com
2098,김현진,남,1995-10-28,2023-03-17,울산,user2098@example.com
1988,정태준,M,1954-01-10,2023-09-19,서울,user1988@example.com
5275,황영준,남,1994-10-19,2022-07-04,대전,user5275@example.com
3694,전지경,남,1979-05-22,2021-09-29,부산 ,user3694@example.com
4277,정성아,,1973-07-02,2020-01-20, 부산,user4277@example.com
4055,임아예,F,1985-05-18,2021-12-12,서울,user4055@example.com
2865,장준연,남,1998-08-03,2021-05-10,대전,user2865@example.com
4643,임예진,M,2001-02-27,2023-02-23,울산 ,user4643@example.com
5362,임예예,M,1959-01-26,2023-12-21,부산,user5362@example.com
2607,오은연,M,,2020-01-01,고양,user2607@example.com
2028,오우준,F,1989-06-27,2021-06-24,울산,user2028@example.com
1111,황수예,여,1989-12-01,2020-08-02,대전,user1111@example.com
5720,오영우,M,1979-01-27,2021-08-31,대구,user5720@example.com
4139,임도은,여,1959-03-09,2021-10-08,서울 ,user4139.com
2833,이영선,남,,2020-03-01,서울,user2833@example.com
2842,안아진,F,1995-01-09,2021-05-03,부산,user2842@example.com
4887,최민우,F,1954-10-05,2020-01-25, 수원,
3420,강연현,F,1983-07-13,2021-08-16,대전,user3420@example.com
2935,최민연,남,1992-08-04,2022-04-11, 부산,user2935@example.com
1681,박진은,남,1991-07-07,2021-11-08,수원,user1681@example.com
3805,홍태연,여,1962-04-19,2021-11-22,대구,user3805@example.com
1875,한성현,F,1958-08-24,2020-06-01,부산,user1875@example.com
1506,한현준,F,1993-05-01,2020-08-25,인천,user1506@example.com
2932,안연수,F,2000-04-11,2021-08-23, 대구,user2932@example.com
4729,서선성,,2000-06-10,2022-07-26,대구 ,user4729@example.com
3676,홍우준,F,2001-11-22,2024-06-10,서울,user3676@example.com
2846,장서도,여,1989-07-07,2020-11-09,수원,user2846@example.com
4743,장연경,F,1970-12-27,2020-02-05,서울,user4743@example.com
1136,서선도,남,2001-04-30,2021-12-07,광주,user1136@example.com
5577,최성도,M,1998-04-01,2023-12-06,부산,user5577@example.com
2762,김진아,F,1998-09-06,2020-04-25,대구,user2762@example.com
5855,신현태,남,1966-03-02,2020-09-17,부산,user5855@example.com
1583,이예준,F,1976-04-08,2023-02-01,서울,user1583@example.com
2855,송성현,F,1961-09-04,2020-11-10,고양,user2855@example.com
1843,김태태,F,1981-05-31,2021-08-07, 고양,user1843@example.com
1437,전태지,남,1986-10-28,2021-08-27,수원,user1437@example.com
2459,한경하,M,1959-07-10,2020-04-09,수원,user2459@example.com
4948,홍재진,F,1955-04-28,2022-07-24,서울,user4948@example.com
5739,한하은,남,1971-09-27,2021-07-29,대구,user5739@example.com
2555,최준은,F,1994-07-30,2022-12-06,서울 ,user2555@example.com
4432,정예연,여,1955-02-28,2024-06-25,수원,user4432@example.com
3165,전경지,F,1984-04-15,2020-04-06,부산,user3165@example.com
3799,윤태영,여,1981-12-31,2022-04-11,울산,user3799@example.com
1683,홍준예,여,1978-01-02,2024-01-31,고양,user1683@example.com
1469,전수서,남,1994-12-31,2021-11-21, 서울,user1469@example.com
5589,강재도,M,1994-09-09,2022-04-08,고양,user5589@example.com
3396,전민재,F,,2021-10-15,대전,user3396@example.com
4107,윤도아,M,1973-08-09,2023-11-19,인천,user4107@example.com
3475,장태준,M,1978-11-28,2022-07-13,고양,user3475@example.com
4263,송재수,,1994-04-02,2021-04-18,세종 ,
5096,한경아,M,1969-05-30,2023-12-30,부산,user5096@example.com
3300,강은성,,1954-10-10,2023-01-17,서울,user3300@example.com
5419,박태현,M,1973-10-27,2022-06-01,서울,user5419@example.com
1281,임도예,남,1993-03-07,2022-12-26,세종 ,user1281@example.com
5741,임은민,남,2004-04-24,2023-07-31, 서울,user5741@example.com
3983,안도경,F,1975-12-06,2020-08-26,수원 ,user3983@example.com
3638,최지현,M,1970-04-22,2020-09-28,수원,user3638@example.com
5253,조경우,여,1955-10-04,2024-06-07,대전 ,user5253@example.com
2561,강선준,M,,2020-07-18,고양,user2561@example.com
5805,황영태,F,,2021-05-30, 인천,user5805@example.com
3178,서준선,M,1991-01-13,2023-09-01,고양,user3178@example.com
4296,정예예,남,1969-08-13,2021-11-05,서울,user4296@example.com
4774,장경우,남,1994-07-30,2021-01-05,부산,user4774@example.com
1441,조현재,M,1994-06-26,2022-06-15,광주,user1441@example.com
4427,송서선,,1986-12-30,2022-12-08,부산,user4427@example.com
5319,김수지,M,,2021-04-26, 광주,
2053,홍진우,남,1990-10-30,2022-04-03,서울 ,user2053@example.com
5316,홍성현,M,1990-12-25,2023-05-19,대구,user5316@example.com
4582,정은지,F,1956-12-29,2020-06-17,세종,
2837,조민지,여,,2023-12-23,대전,user2837@example.com
5542,전성예,남,1989-08-22,2021-07-30, 울산,user5542@example.com
4032,오성하,남,1962-10-24,2020-04-24,광주,user4032@example.com
3652,홍준영,남,1970-08-22,2023-09-02,수원,user3652@example.com
2738,김영은,여,1991-08-12,2023-05-11,고양,user2738@example.com
1356,최하연,남,1962-02-10,2023-06-25, 고양,user1356@example.com
4491,서현준,남,2003-10-11,2020-04-10,인천,user4491@example.com
1702,최서서,F,1977-03-10,2022-05-28,인천,user1702@example.com
3002,윤선우,,1968-06-30,2023-06-15,부산,user3002@example.com
3725,서민태,M,1991-12-17,2021-12-15,부산,user3725@example.com
5305,황은진,여,1976-01-20,2020-12-23,인천,user5305@example.com
4199,강민준,M,,2023-06-21,광주,user4199@example.com
4283,이진영,F,1968-11-03,2024-01-19,서울,user4283@example.com
1004,장하수,여,1988-02-15,2024-06-07,인천,user1004@example.com
2218,안선준,남,1965-04-28,2022-11-08,대구,user2218@example.com
4092,권태영,여,1985-02-02,2020-12-21,대구,user4092@example.com
5431,이도예,M,,2022-09-03,서울,user5431@example.com
2564,오선지,M,,2024-02-22, 울산,user2564@example.com
2245,홍하성,M,1959-02-12,2022-05-30, 서울,user2245@example.com
5203,박선우,남,1960-01-30,2022-12-01,서울,user5203@example.com
2363,정서현,M,1992-03-26,2023-06-12,인천,user2363@example.com
2596,신영예,여,1998-11-29,2021-01-06, 고양,
5165,신재우,M,1983-01-12,2020-04-20,수원,user5165@example.com
1430,이현은,여,1955-07-29,2021-05-24,울산 ,user1430@example.com
5035,김태현,남,1965-08-03,2022-01-11, 부산,user5035@example.com
3380,최준영,F,1997-03-22,2020-12-08,서울,user3380@example.com
4860,한경태,남,1954-02-01,2022-06-12,고양,user4860@example.com
2394,정현선,여,1998-12-19,2021-02-05,수원 ,user2394@example.com
5487,강성도,여,1995-10-31,2022-01-01,부산,user5487@example.com
5512,박예수,F,1958-09-25,2022-09-03, 고양,user5512@example.com
4029,송태진,M,,2023-08-06,서울,user4029.com
5127,이지재,여,1999-01-09,2022-11-03,고양,user5127@example.com
3069,장준영,M,1980-09-24,2022-03-25,서울,user3069@example.com
3171,권재아,,1969-09-04,2023-10-27, 인천,user3171@example.com
1863,황태영,남,1983-03-27,2021-07-04,고양,
2047,서태우,M,1965-06-01,2023-05-26,대구,user2047@example.com
5360,김연태,M,1955-04-13,2021-10-03,인천,user5360@example.com
3320,이은수,F,2002-04-17,2024-04-17,대구,user3320@example.com
1870,임수서,M,1963-06-16,2021-03-08,서울,user1870@example.com
2652,이도영,F,1969-07-22,2021-10-20,울산 ,user2652@example.com
1683,홍준예,여,1978-01-02,2024-01-31,고양,user1683@example.com
4739,안재태,여,1975-08-09,2023-03-22,대구,user4739@example.com
5901,신은성,F,1966-08-17,2022-02-01, 세종,user5901@example.com
2000,안예서,F,2005-08-01,2023-11-01,수원,user2000@example.com
4751,황현진,M,1972-02-15,2024-03-05,서울,user4751@example.com
5575,황경수,F,1985-05-13,2024-02-20,대전,user5575@example.com
2592,윤은민,M,1970-06-13,2022-09-15,서울,user2592@example.com
4881,정연수,M,1956-05-02,2021-01-11,서울,user4881@example.com
4003,홍서준,남,1961-02-17,2024-02-24,수원 ,user4003@example.com
2582,한도민,여,1955-09-15,2022-11-22,수원,user2582@example.com
4462,송우지,F,1986-05-26,2020-02-29,대구,user4462@example.com
2997,홍예하,F,,2023-12-28,부산,user2997@example.com
3797,오지도,여,2005-09-18,2022-08-22,인천,user3797@example.com
1476,안선도,F,1992-06-19,2022-03-19, 인천,user1476@example.com
5716,송수연,F,1996-07-10,2020-05-21,서울,user5716@example.com
1519,오준서,F,1996-08-20,2023-05-23,서울,user1519@example.com
4995,조수재,여,1961-10-16,2020-01-07,부산,user4995@example.com
3511,송경영,M,1990-03-13,2020-04-14,서울,user3511@example.com
5595,김민현,M,2004-09-12,2020-08-31, 인천,
4807,최아예,남,2006-03-09,2021-01-08,대전 ,user4807@example.com
4161,송선준,F,1975-12-20,2023-05-20,광주,user4161@example.com
5486,한서서,,1965-03-26,2020-03-13,서울,
1099,박경수,M,1987-02-01,2020-09-20,부산,user1099@example.com
2860,권선우,남,1957-10-25,2020-09-23,대구,user2860@example.com
3588,홍준지,M,1979-11-03,2023-01-26,대전,user3588@example.com
1604,안진하,F,1978-10-28,2023-02-16,서울,
3586,윤우현,여,1992-12-24,2022-11-12,서울,user3586@example.com
4246,황은준,여,1988-06-03,2020-05-18,고양,user4246@example.com
4746,장재도,F,1971-07-27,2024-04-02, 광주,user4746@example.com
5063,한예태,남,1966-05-29,2021-09-26, 고양,user5063@example.com
2717,윤우서,M,,2023-09-13,대전,user2717@example.com
1313,강도현,남,1999-04-07,2022-07-02,서울,user1313@example.com
3780,조진성,F,1989-10-09,2024-03-26, 수원,user3780@example.com
5642,홍태진,여,1996-07-05,2024-01-22,인천,user5642@example.com
1557,송서현,여,1994-04-14,2022-11-15, 서울,user1557@example.com
3578,홍선도,남,1981-08-10,2022-12-31,수원,user3578@example.com
2244,송은영,F,1977-12-11,2020-06-17,수원 ,user2244@example.com
3522,정우도,남,1958-09-11,2023-02-11,수원,user3522@example.com
5192,권서현,M,1972-11-07,2022-07-19, 부산,user5192@example.com
1254,신성도,F,1986-04-07,2023-09-04,서울,user1254@example.com
2820,조진도,F,1979-11-22,2021-08-24,서울,user2820@example.com
4525,정아은,남,1996-05-12,2022-08-11,서울,user4525@
2488,박서현,남,1961-03-27,2020-07-23,수원,user2488@example.com
5587,조우선,여,1964-06-18,2024-04-24,인천,user5587@example.com
2844,권재진,여,1958-02-19,2024-04-17,인천,user2844@example.com
3051,조예우,여,1973-09-05,2022-02-14,부산,user3051@example.com
4117,서성진,M,1956-05-19,2021-10-24, 울산,user4117@example.com
4259,장경태,F,2003-12-23,2020-10-21,서울 ,user4259@example.com
3130,권은재,M,1991-06-08,2022-01-15,서울 ,
4467,강예선,여,1968-04-13,2022-05-26,수원,user4467@example.com
3822,박진지,남,1985-04-09,2021-08-25,세종,user3822@example.com
2132,황우수,F,,2022-04-03,세종 ,user2132@example.com
3903,서성우,M,1985-03-08,2022-11-05, 고양,user3903@example.com
3101,신예도,여,1974-12-22,2021-08-31,인천,user3101.com
2769,최영성,M,1968-09-21,2024-03-31,고양,user2769@example.com
3879,홍하우,여,1968-11-20,2022-12-09, 고양,user3879@example.com
2026,이경연,남,1963-02-15,2020-03-16,인천,user2026@example.com
2566,홍준연,남,1980-03-29,2022-03-10,광주,user2566@example.com
2744,정지도,남,1961-04-21,2023-07-14, 서울,user2744@example.com
1123,임연성,남,1972-03-25,2023-04-09,세종,user1123@example.com
4513,박민현,M,1972-09-10,2022-01-19, 수원,user4513@example.com
1278,이서선,F,1987-10-11,2021-07-11,대구,user1278@example.com
5627,최지민,남,1955-12-07,2021-09-27,인천 ,user5627@example.com
2219,장연지,M,1958-02-02,2022-07-03, 대구,user2219@example.com
3064,오예준,F,1965-09-29,2022-01-17,광주,user3064@example.com
2760,윤준하,여,1969-09-03,2020-05-12,부산,user2760@example.com
4789,조예수,남,1982-11-09,2023-09-22, 서울,user4789@example.com
1778,강예우,F,1992-11-07,2023-08-18,서울,user1778@example.com
1255,박도지,여,1989-06-18,2020-07-04,세종,user1255@example.com
5844,황태아,남,1957-05-01,2022-05-21, 세종,user5844@example.com
3584,윤우예,남,1976-03-21,2021-02-20,고양,user3584@example.com
2498,임현진,M,1996-08-25,2020-08-14, 광주,user2498@
4373,한준지,F,1980-01-10,2022-01-19,서울,user4373@example.com
5449,송연하,여,1966-03-27,2022-07-14,광주,user5449@example.com
2046,정아연,F,1956-06-27,2020-05-19, 서울,user2046@example.com
4678,한준우,F,1962-09-20,2022-12-09,서울,user4678@example.com
4524,강선아,남,1956-05-09,2024-05-01,대전,user4524@example.com
3731,한영성,남,1955-04-25,2024-04-08,수원,user3731@example.com
2549,김도선,M,1973-01-17,2024-01-30,울산 ,user2549@example.com
3987,황예선,M,1975-09-07,2023-02-08,서울,user3987@example.com
3737,최수도,,1955-09-28,2023-05-03,대구 ,user3737@example.com
1836,안수민,남,1977-11-30,2020-05-12,대구,user1836@example.com
5809,안하도,F,2003-06-24,2022-10-20,부산,user5809@example.com
4081,안성준,F,1955-06-02,2023-11-09, 대전,user4081@example.com
4785,오진재,여,1992-02-11,2022-08-28,대전,user4785@example.com
5638,서성영,,1991-06-30,2021-07-06,고양,user5638@example.com
3071,서태하,M,1960-08-16,2020-03-23,고양,user3071@example.com
4573,조아민,여,1992-11-26,2021-02-13, 인천,user4573@example.com
1244,서하우,F,2005-10-18,2022-04-27,서울,user1244@example.com
4647,서성태,F,1993-04-22,2023-12-23, 수원,user4647@example.com
4834,박준영,남,1981-01-28,2021-08-27,서울,user4834@example.com
3455,임진하,남,1954-07-04,2021-01-28,서울,user3455@example.com
4420,한태예,F,2004-11-12,2021-07-31,인천 ,user4420@example.com
4804,김재진,,1960-07-08,2020-12-03,서울,user4804@example.com
1687,오예영,F,1954-03-13,2022-07-19,서울,user1687@example.com
2362,윤민재,여,1997-05-02,2023-04-25,인천,user2362@example.com
5394,한태은,남,2004-05-04,2020-08-27,대전,user5394@example.com
3978,강경우,F,1995-04-19,2022-08-27,고양,user3978@example.com
2184,장영민,M,1980-12-30,2020-05-04,수원,user2184@example.com
2689,이은연,남,1962-02-23,2022-10-05, 광주,user2689@example.com
5289,조성영,F,1996-12-01,2021-11-16,고양,user5289@example.com
1286,최진도,여,1968-01-28,2021-02-02,고양 ,user1286.com
1762,전도준,남,1968-04-05,2020-03-07,대전,user1762@example.com
4483,정영서,,1996-06-27,2022-04-03,대전,user4483@example.com
5626,김하우,남,1981-03-26,2020-11-11,인천,
3703,안준도,M,1954-11-16,2021-04-05,대전,user3703@example.com
3622,박현예,,1994-11-04,2020-09-14,서울,user3622@example.com
1090,장하은,F,1954-04-21,2020-02-12,수원,user1090@example.com
2476,임태태,,1979-02-22,2020-11-11,서울,
4710,윤경준,F,2000-06-21,2022-04-16,광주,user4710@example.com
3825,안선성,여,1971-02-11,2022-05-07,부산,user3825@example.com
1312,박진아,남,1974-01-30,2022-04-04,수원,user1312@example.com
3007,최경민,F,1998-06-04,2020-01-08,울산,user3007@example.com
5106,박선현,M,1980-09-08,2022-04-05,인천 ,user5106@example.com
4954,오수성,남,2001-08-01,2021-09-10,수원 ,user4954@example.com
5565,조태현,F,1959-07-07,2020-06-20,인천,user5565@example.com
5580,최영태,남,,2023-08-11, 고양,user5580@example.com
3556,황현우,남,1993-12-15,2023-03-04, 수원,user3556@example.com
3787,이수도,M,1986-06-18,2020-11-18,서울,user3787@example.com
4411,홍재하,M,1967-03-16,2022-05-07,대전,user4411@example.com
4757,한서수,여,1998-01-30,2024-01-11,대구,user4757@example.com
2806,김성태,F,1972-07-21,2022-06-08,인천 ,user2806@
1738,권연연,남,1992-12-13,2022-10-01,서울,user1738@example.com
4375,한아재,남,1988-08-08,2020-02-23,서울,
4211,강하하,여,1972-05-14,2020-06-20,수원,user4211@example.com
1722,안태태,남,1987-05-04,2023-01-10,대전,user1722@example.com
3625,오지서,남,1985-07-08,2021-01-25,서울,user3625@example.com
5515,황은민,여,1980-06-30,2021-05-28,대전 ,user5515@example.com
3286,전선지,남,1996-02-27,2021-08-06,서울,user3286@example.com
2662,최경아,여,1984-01-26,2022-10-21,수원,user2662@example.com
2835,박태재,F,1969-09-17,2021-12-18,고양,user2835@example.com
3454,안예진,M,1955-11-15,2024-04-28,대전,user3454@example.com
4578,송경하,여,1976-06-06,2021-08-17,세종,user4578@example.com
5290,이준민,여,2000-02-16,2020-02-03,고양,user5290@example.com
5876,장경도,M,1986-10-31,2022-08-16, 광주,user5876@example.com
3545,윤아진,여,1990-01-02,2022-10-05,세종,user3545@example.com
2503,조영서,M,1964-11-04,2021-02-23,서울,user2503@example.com
5452,임태하,남,2004-08-19,2021-10-06,광주,user5452@example.com
4213,홍준아,여,1960-10-03,2021-08-07,서울,user4213@example.com
2204,신민은,,1986-07-10,2023-07-26,대구,user2204@example.com
3861,전영재,F,1995-07-08,2022-05-14,서울,user3861@example.com
5598,홍경태,남,2004-09-06,2024-01-16,고양,user5598@example.com
4461,전연영,여,1970-06-21,2023-01-01,광주,user4461@example.com
4178,정우경,F,1987-06-13,2022-06-04,인천,user4178@example.com
1638,황선지,여,1987-12-22,2021-07-04,서울,user1638@example.com
3019,임영은,F,1963-12-25,2021-10-29,인천,user3019@example.com
5221,한연현,여,1965-12-02,2024-01-26,대구,user5221@
5348,황선우,여,1993-06-04,2023-05-11,인천,user5348@example.com
1017,박은하,F,1987-04-21,2021-08-02,인천,
2598,안진민,남,1993-04-11,2022-03-07,수원,user2598@example.com
5349,윤도준,M,,2021-06-30,서울 ,user5349@example.com
5725,임민예,남,1977-04-18,2024-04-07,대구,user5725@example.com
3792,권선태,M,,2021-04-09, 서울,user3792@example.com
3706,권선수,M,,2024-01-08,부산,user3706@example.com
3081,이연지,여,1979-11-06,2023-02-24,수원,user3081@example.com
1866,안예태,여,1980-11-20,2021-11-23,서울 ,user1866@example.com
1975,정지우,F,1997-02-04,2024-03-14,울산,user1975@example.com
2889,장아민,M,1970-04-08,2023-03-23,부산,user2889@example.com
5834,홍도선,F,2003-05-07,2021-05-25, 대구,user5834@example.com
1183,신민현,M,1976-04-05,2022-07-19,서울 ,user1183@example.com
1098,서준진,,1973-12-02,2021-05-15,세종,user1098@example.com
2008,권수태,여,1987-03-31,2022-11-12,수원,user2008@example.com
1979,오준현,F,1972-12-15,2024-02-19,수원,user1979@example.com
5675,윤성지,M,1957-01-16,2021-04-15,서울,user5675@example.com
3560,오하도,여,1969-08-05,2024-04-06, 고양,user3560@example.com
5945,권연준,여,1985-08-12,2021-07-22,서울,user5945@example.com
1443,임선수,여,1976-04-22,2023-03-24, 울산,user1443@example.com
4382,홍재재,남,1976-09-02,2020-05-10,광주,user4382@example.com
1956,장도수,여,2001-09-08,2023-08-06,부산,user1956@example.com
2809,홍태민,M,1998-09-05,2021-01-10,수원,user2809@example.com
4157,홍예성,여,1977-09-18,2024-01-24,서울,user4157@example.com
1935,전선태,M,2002-08-12,2023-06-01,고양,user1935@example.com
4234,오진연,M,1970-03-02,2024-05-02,대전,user4234@example.com
4010,윤하태,F,2005-04-15,2022-03-14,서울,user4010@example.com
1612,황연태,남,1975-03-01,2020-03-08,서울 ,user1612@example.com
1694,이수수,F,,2022-04-22,대구,user1694@example.com
2838,정우우,여,1999-04-29,2021-11-21, 대전,user2838@
2687,장서지,M,1973-07-02,2021-12-31,수원 ,user2687@example.com
5758,임아수,여,1980-04-17,2024-04-01,인천,user5758@example.com
4508,이예은,F,1961-12-01,2021-05-13,광주,user4508@example.com
2526,조우태,F,1985-12-24,2020-11-14,서울 ,user2526@example.com
2899,조현서,남,1956-09-27,2022-01-09,광주,user2899@example.com
4594,정지서,F,2005-08-13,2022-06-13,서울,user4594@example.com
5388,조영연,여,1997-07-20,2023-11-06,부산,user5388@example.com
2778,조지서,남,1965-11-10,2023-12-12,수원 ,user2778@example.com
1301,안예진,남,1999-04-14,2024-04-12,수원,user1301@example.com
5929,정현영,M,1969-11-14,2023-06-04,인천,user5929@example.com
4772,한연준,남,1959-01-24,2021-09-19, 세종,user4772@example.com
2258,한준재,여,1959-02-21,2024-01-16,고양,user2258@example.com
1901,김진영,,1982-02-02,2020-10-12,수원,user1901@example.com
1903,송영우,,1966-11-07,2023-11-10,부산,user1903@example.com
1816,김은영,F,1984-03-31,2021-09-03,울산,user1816@example.com
2632,이수경,,1985-02-03,2021-03-31,서울,user2632@example.com
4222,황준도,여,1956-07-14,2022-10-08,대전,user4222@example.com
3656,이성현,남,,2021-02-11,대전,user3656.com
1168,조아은,F,1987-05-02,2021-06-20,서울,user1168@example.com
2587,이태아,F,,2020-09-11,광주,user2587@example.com
3143,서도아,남,1961-06-01,2022-06-06,울산,user3143@example.com
5874,최민연,M,1956-12-20,2023-01-18, 대전,user5874@example.com
3288,전준현,F,1972-03-11,2024-05-18, 광주,user3288@example.com
5924,조아재,남,1989-12-24,2024-01-23,대구 ,user5924@example.com
3062,박재지,F,1956-05-30,2022-03-04,부산,user3062@example.com
1207,홍지지,F,1976-05-11,2023-11-26,서울,user1207@example.com
4713,정경성,M,1955-03-18,2020-04-26,광주,user4713@example.com
3327,최선태,M,1981-08-26,2021-11-19,서울,user3327@example.com
3574,황예선,남,1998-10-22,2021-08-28,수원,user3574@example.com
3258,김예지,M,1991-05-12,2022-02-05,부산,user3258@example.com
2067,서서하,남,1969-01-29,2024-02-08,대전,user2067@example.com
4732,장민연,F,1984-01-09,2020-07-08,울산,
4454,안선태,여,2002-06-02,2021-08-14,고양,user4454@example.com
3400,김연연,남,,2023-05-15,인천 ,user3400@example.com
4956,한아지,M,1961-02-10,2020-09-26,수원,user4956@example.com
5861,안진하,F,1956-01-03,2020-11-29,대구,user5861@example.com
4012,김진재,여,1955-06-30,2022-10-02, 부산,user4012@example.com
2752,서성도,M,,2021-07-31,서울,user2752@example.com
1966,서은은,남,1989-11-14,2022-12-14,세종,user1966@example.com
3059,장재영,,1962-12-01,2020-06-29, 고양,user3059@example.com
1457,서선성,남,1992-08-16,2021-07-21,광주,user1457@example.com
4306,강진하,남,1991-01-22,2023-11-21,수원,user4306@example.com
3018,권성은,M,1969-11-18,2022-12-29,울산,user3018@example.com
2532,전경성,여,1977-10-23,2020-03-07,서울,user2532@example.com
5800,서준서,남,,2021-01-27,수원,user5800@example.com
1900,김현성,M,1983-06-28,2022-02-13,부산,user1900@example.com
4348,박서수,,1963-02-07,2021-09-26, 세종,
1822,박예민,M,,2022-05-24,서울,user1822@example.com
1177,최성아,F,1996-07-24,2022-12-29,인천,user1177@example.com
1536,임우은,남,1973-09-18,2023-08-09,광주,user1536@example.com
3233,박은도,F,1961-07-21,2023-02-14,서울,user3233@example.com
3391,최하영,남,1967-04-08,2022-06-05,부산,user3391@example.com
4146,서은경,F,1984-06-23,2024-04-14, 고양,user4146@example.com
5405,송지태,M,1993-10-15,2020-06-14,대전,user5405@example.com
2331,권은우,남,1954-09-24,2023-03-30,대구,user2331@example.com
4468,한재성,남,2005-05-18,2024-02-16, 대구,user4468@example.com
1190,신하현,여,1973-04-21,2022-09-23,서울 ,user1190@example.com
5017,최우하,남,,2024-01-05,고양,user5017@example.com
4182,권영현,여,1993-10-27,2024-04-16,인천,user4182@example.com
5935,오진아,M,1997-09-14,2020-05-04, 울산,user5935@example.com
3355,윤은민,M,1956-02-17,2020-04-30,서울,user3355@example.com
5757,박지준,F,1978-11-16,2020-01-26,서울,user5757@example.com
5740,강민우,M,1995-04-28,2022-03-10,인천,user5740@example.com
3518,박경지,F,1986-11-26,2024-06-09, 부산,user3518@example.com
4531,이연선,,1973-03-03,2021-06-19,고양 ,user4531@example.com
3941,전아은,F,,2023-10-28,서울,user3941@example.com
5396,강아하,M,,2022-07-28, 수원,user5396@example.com
2818,박성경,M,1994-04-29,2024-04-24,서울,user2818@example.com
1928,장영재,M,,2024-03-13,서울,user1928@example.com
5559,서경태,M,2005-08-13,2020-09-05,수원,user5559@example.com
4584,황도은,여,1994-03-16,2023-11-24, 부산,user4584@example.com
5300,강수선,M,2001-05-30,2020-05-06,인천,user5300@example.com
1040,최수진,,1957-06-10,2020-05-28,울산,user1040@example.com
2465,박서현,여,1973-02-22,2022-10-02,수원,user2465@example.com
1427,안준예,여,1992-07-04,2021-05-24,대구,user1427@example.com
2673,황경아,여,1972-01-02,2021-11-10,울산,user2673@example.com
2097,황진민,여,,2022-07-29,울산,user2097@example.com
2154,조선지,M,1960-02-12,2023-05-21,서울,user2154@example.com
3648,전민서,F,1968-03-04,2020-06-24,수원,user3648@example.com
4428,황경경,F,1994-10-27,2024-01-02, 수원,user4428@example.com
3070,최성영,남,,2022-12-30,광주,user3070@example.com
1150,송진은,여,1989-06-02,2023-05-28,수원,user1150@example.com
3789,안도준,F,1969-01-07,2023-05-01,서울,user3789@example.com
4952,권진은,M,1982-03-31,2023-11-13,서울,user4952@example.com
2203,황은서,M,1960-02-02,2023-06-28,수원,user2203@example.com
2667,신진아,M,,2020-12-02,부산,user2667@example.com
2470,송수선,남,1991-03-20,2023-03-03,대구,user2470@example.com
1529,전진예,여,2006-01-27,2023-04-17,서울,user1529@example.com
5741,임은민,남,2004-04-24,2023-07-31, 서울,user5741@example.com
4138,임연은,남,1972-10-06,2022-03-11,수원,user4138@example.com
3119,권재아,여,1968-07-16,2021-03-31,광주,user3119@example.com
4149,박재은,F,1969-10-16,2023-10-31,울산,user4149@example.com
1499,장현성,여,1994-08-22,2020-01-20,대전,user1499@example.com
3681,박하재,M,1993-01-25,2022-02-02,부산,user3681@example.com
1498,전예우,F,1994-04-24,2020-07-06,서울,user1498@example.com
4469,송우우,F,1996-03-30,2022-08-20,울산,user4469@example.com
1569,오성재,M,2005-01-28,2022-04-16,서울 ,user1569@example.com
2427,전지지,남,1974-12-07,2020-05-23,울산,user2427@example.com
1052,윤수서,M,2001-05-12,2021-09-09,서울,user1052@example.com
3068,조도수,여,1963-01-10,2024-02-05,부산,user3068@example.com
5808,윤아지,남,2005-08-21,2020-05-25,서울 ,user5808@example.com
5084,한아연,남,1987-04-20,2022-12-08,서울,user5084@example.com
3945,박서영,M,1958-06-11,2022-05-02,고양,user3945@example.com
4369,박우연,남,1968-12-28,2022-02-21,대전 ,user4369@example.com
1580,이진준,,1998-04-11,2020-07-29,대구,user1580@example.com
4894,서성진,M,1983-04-21,2023-01-21,부산,user4894@example.com
4403,홍수태,F,2000-11-28,2021-08-04,고양,user4403@example.com
2152,장도경,남,1986-09-20,2022-08-18,고양,user2152@example.com
3550,신아영,M,1980-07-11,2020-10-11,서울,user3550@example.com
1897,이영영,M,1980-03-12,2020-10-23,수원,user1897@example.com
4421,황선은,여,1971-07-12,2024-04-27,울산,user4421@example.com
2002,오현민,M,1957-05-27,2022-01-25,대구,user2002@example.com
5323,강은진,M,1980-12-23,2024-02-12, 부산,
5946,윤선영,M,1991-04-30,2023-06-13,고양,user5946@example.com
1421,신재태,F,1965-03-10,2021-03-17,고양,user1421@example.com
5123,강영태,M,1960-07-23,2023-04-14, 인천,user5123@example.com
5940,권진현,F,1957-07-15,2021-05-30,울산,user5940@example.com
5102,최민서,여,1994-07-18,2020-08-08,수원,user5102@example.com
5048,조서준,남,1960-01-20,2022-04-17, 서울,user5048@example.com
2819,강우준,M,1991-10-07,2021-03-13,고양 ,user2819@example.com
5204,강경성,여,1959-09-23,2020-05-01,울산,user5204@example.com
2006,송우아,남,1955-08-25,2024-01-29,서울,user2006.com
2603,조도하,M,1999-03-27,2023-06-01,서울 ,user2603@example.com
2287,정준민,F,1959-06-26,2021-02-13,광주,user2287@example.com
4228,권영진,남,1986-03-20,2021-10-04,울산 ,user4228@example.com
3668,이준태,F,2004-03-12,2021-08-30,광주,user3668@example.com
3757,서하예,M,1986-01-05,2020-06-15,울산,user3757@example.com
5804,신진진,여,1962-10-02,2021-01-22, 인천,user5804@example.com
3714,한연예,M,1988-04-16,2022-11-30,세종,user3714@example.com
4977,홍태서,남,1978-12-30,2022-03-10,고양,user4977@example.com
3972,오성지,남,1995-09-13,2023-12-09,광주,user3972@example.com
2095,이도은,F,1977-01-19,2023-01-05,부산,user2095@example.com
1967,조우예,남,1982-07-17,2023-02-01,서울,user1967@example.com
4371,정성준,M,1964-05-03,2020-06-29,부산,
2454,오선태,남,1969-11-01,2020-08-23,부산,user2454@example.com
4339,송도준,F,1983-01-17,2022-09-13,수원,user4339@example.com
2996,오도성,남,1958-07-17,2023-06-11,서울,user2996@example.com
2261,전영영,여,1983-12-21,2021-05-13,고양,user2261@example.com
2247,임준아,F,1960-03-20,2023-02-19,수원,user2247@example.com
4488,장준하,F,1960-05-16,2022-07-09,대구,user4488@example.com
3439,이연영,남,1959-12-16,2020-03-19,수원,user3439@example.com
3612,최도태,여,1987-06-23,2023-07-22,서울,user3612@example.com
3025,임재도,여,1962-05-24,2024-04-09,대전,user3025@example.com
4599,서우영,M,1957-10-27,2024-01-23,서울,user4599@example.com
2387,조서하,,1954-05-11,2021-11-14,고양,user2387@example.com
4008,서태준,M,1968-02-29,2021-11-05,울산,
4720,서영연,여,,2020-03-03, 서울,user4720@example.com
2300,황영태,F,1966-12-11,2023-10-19,부산,user2300@example.com
1221,임예현,M,1956-08-24,2020-03-30,대전,
1335,안진연,M,1988-02-02,2020-12-29,울산,user1335@example.com
5795,최영도,F,1990-07-23,2020-02-05,서울 ,user5795@example.com
4748,전예연,여,1965-01-27,2021-04-19,수원,user4748@example.com
1116,김성선,남,1990-10-30,2020-01-15,대구,user1116@example.com
2118,권지현,여,1980-03-07,2022-04-12,서울 ,user2118@example.com
2941,강은도,F,2002-04-11,2022-03-28,서울,user2941@example.com
1639,전선도,여,1974-03-04,2022-02-01,부산,user1639@example.com
4918,이재영,M,1986-08-05,2023-12-20,대구 ,user4918@example.com
1915,임진현,M,1963-10-25,2021-03-14,서울,user1915@example.com
4261,임서선,F,1966-06-29,2020-12-26, 대전,user4261@example.com
2513,조지경,,1996-07-19,2023-10-15,울산,user2513@example.com
2522,최예아,여,1987-07-08,2021-07-13,수원 ,user2522@example.com
5810,정진아,F,1966-09-07,2022-01-24,서울,user5810@example.com
1522,최연아,M,1954-04-15,2021-08-08,고양,
4990,황서연,여,1998-03-07,2021-02-24,인천,user4990@example.com
1788,한우선,여,1996-05-31,2020-09-27, 고양,user1788@example.com
1029,장수우,F,2000-05-11,2021-03-05,광주,user1029@example.com
4856,윤진재,,1958-12-12,2022-06-26,수원,user4856@example.com
4344,한서우,F,1977-03-30,2024-04-08, 광주,user4344@example.com
5743,조지민,M,1964-09-20,2023-08-09,인천,user5743@example.com
1920,송연아,여,2005-01-11,2022-03-31,수원,user1920@example.com
1472,장서은,M,1964-10-12,2022-12-23,세종,user1472@example.com
1419,한준은,남,1986-01-10,2024-05-28,인천,user1419@example.com
3216,임진우,M,1990-08-21,2023-02-24,서울,user3216@example.com
2761,장하영,F,1999-02-27,2020-08-03,고양,user2761@example.com
1288,한경지,M,1957-12-23,2020-03-11,대구,user1288@example.com
2572,권현경,남,1958-10-05,2023-11-20,서울,user2572@example.com
1462,권성진,남,1970-10-23,2022-03-04,서울,user1462@example.com
1641,전진태,M,1964-04-06,2022-08-30,세종,
2913,황진수,여,1990-01-11,2023-12-12,서울,user2913@example.com
2342,박민준,여,1971-11-15,2023-04-14,인천 ,user2342@example.com
2977,조준영,F,1972-09-28,2021-05-20,인천,user2977@example.com
2384,윤서수,여,1969-06-09,2024-05-24, 인천,user2384@example.com
1593,홍연성,남,1973-02-09,2021-06-03,서울,user1593@example.com
4693,조진연,남,1958-09-03,2023-11-03,부산,user4693@example.com
2445,김서하,F,1998-02-26,2021-07-31, 부산,user2445@example.com
4682,정예연,M,1989-02-18,2021-04-14,세종,user4682@example.com
4862,정진아,여,1982-01-07,2020-03-15, 대구,user4862@example.com
3562,신도태,여,2006-02-12,2023-06-12,대전 ,user3562@example.com
3527,전연진,여,2000-12-17,2022-11-24,광주,user3527@example.com
3650,송지하,F,1957-04-18,2024-01-21,울산 ,user3650@example.com
4106,송수성,남,1996-03-23,2021-10-03,서울,user4106@example.com
3892,윤아도,여,1962-12-09,2022-11-29,서울,user3892@example.com
5433,박우재,F,,2020-01-28,부산,user5433@example.com
2775,박진성,,1975-06-27,2021-06-24, 부산,user2775@example.com
1929,오민재,F,1968-02-13,2024-01-04, 고양,user1929@example.com
1848,안진서,여,1975-04-14,2022-12-03,인천 ,user1848@example.com
1344,전경지,여,2001-10-28,2021-03-16,인천 ,user1344@example.com
4073,황현준,F,1996-06-14,2023-10-03,부산 ,user4073@example.com
4759,오아재,남,1970-11-21,2020-04-20,세종,user4759@example.com
5658,장도도,F,2000-12-15,2023-12-23,서울,user5658@example.com
4910,정태수,M,1976-08-14,2021-06-22,수원,user4910@example.com
2013,조준현,여,1954-01-12,2024-03-12,울산,user2013@example.com
3726,박연아,여,,2021-12-19, 부산,user3726@
2041,송도수,M,,2022-11-03,광주 ,user2041@example.com
1706,김선성,여,1965-07-17,2021-02-02,서울,user1706@example.com
3264,박우지,M,1987-03-17,2024-05-28,수원 ,user3264@example.com
3345,강하영,M,1976-09-28,2022-06-04,서울,user3345@example.com
5820,한지진,F,1997-08-31,2022-02-09,부산,user5820@example.com
1787,신경진,F,1974-07-31,2020-09-13,서울,user1787@example.com
3589,조수현,F,1963-06-20,2023-08-21, 인천,user3589@example.com
1854,강은재,M,1966-08-03,2023-07-29,부산,
5224,황예서,F,2001-05-05,2023-03-09,세종 ,user5224@example.com
3219,최경아,여,2004-08-27,2023-10-07,수원,user3219@example.com
3289,장태태,남,,2021-09-24,대구,user3289@example.com
2240,한경서,여,1980-10-13,2023-05-30,수원,user2240@example.com
5829,임태현,남,,2020-07-28, 부산,
3020,조현아,남,1963-03-01,2023-11-10, 광주,user3020@example.com
2179,김하민,F,1973-05-09,2021-07-02,부산,
2799,한성연,남,1988-05-24,2024-05-11,수원,user2799@example.com
1264,홍선예,남,1967-12-12,2021-01-09,서울,user1264@example.com
4607,신준경,F,1979-06-12,2023-06-21,광주 ,
5262,강경준,M,1973-06-04,2022-02-22,수원,user5262@example.com
3457,전영하,F,1974-12-19,2023-06-06,부산,user3457@example.com
1828,송재도,여,1959-01-31,2024-04-07,광주,user1828@example.com
5745,조영하,여,1992-09-17,2024-03-29, 고양,user5745@example.com
4836,최우도,F,1963-02-08,2023-09-08,울산 ,user4836@example.com
4829,최진성,M,1961-05-05,2021-01-21,고양,user4829@example.com
2315,강서진,남,1990-12-05,2021-12-13,대구 ,user2315@example.com
2392,홍영연,여,,2023-05-23,고양,
3565,장준선,M,1970-09-18,2021-11-28,광주,user3565@example.com
1777,박지선,남,1977-10-16,2021-01-27,인천,user1777@example.com
4374,신성경,여,1981-07-23,2020-09-26,울산,user4374@example.com
1665,신재태,,2002-08-07,2022-11-12,서울,user1665@example.com
2644,박태선,M,,2020-07-23, 서울,user2644@example.com
3328,김성진,남,1993-09-14,2020-08-15,서울,user3328@example.com
1950,이경지,F,,2020-12-01,인천,user1950@example.com
5931,권아선,여,1982-04-28,2022-03-13,고양,user5931@example.com
2867,황성태,F,2004-06-05,2022-05-24,광주,user2867@example.com
4335,정민아,M,1955-03-03,2020-04-20,광주,user4335@example.com
2803,강민아,여,1955-10-18,2023-09-15,부산,user2803@example.com
2987,정은선,M,1977-06-15,2022-05-07,고양,user2987@example.com
3854,권연영,F,1964-05-16,2020-01-24, 광주,user3854@example.com
5174,장민선,남,1975-06-01,2021-01-19,대구,user5174@example.com
1048,신영경,남,1976-04-12,2022-09-29,수원,user1048@example.com
5570,신은진,F,1982-07-06,2020-04-13,고양,user5570@example.com
4069,이수태,F,2004-02-02,2021-12-18,세종,user4069@example.com
3334,오지영,M,1966-01-23,2022-05-24,대구,user3334@example.com
2407,송민하,M,1959-03-21,2023-06-22,서울,user2407@example.com
3098,황연하,여,1978-11-06,2022-04-12,광주,user3098@example.com
4116,서우영,남,1972-07-19,2023-07-29,수원,user4116@example.com
4656,한은우,F,2006-07-15,2020-01-29,광주,user4656@example.com
4035,홍서재,,1983-07-03,2023-06-19,서울 ,user4035@example.com
1827,송지경,,1962-02-01,2020-01-02,부산,user1827@example.com
4966,황은준,M,1975-08-30,2021-01-15,고양,user4966@example.com
1490,전성지,F,1989-10-13,2020-01-31,부산 ,user1490@example.com
5550,김경재,M,1984-06-12,2021-01-09,서울,user5550@example.com
2931,임준진,여,,2022-08-17,대구,user2931@example.com
3016,장경예,여,1978-11-12,2024-02-14,부산,user3016@example.com
1408,전서지,F,1987-01-30,2020-07-09,인천,user1408@example.com
5794,윤성재,여,1996-05-11,2023-04-07,부산,user5794@example.com
5489,윤지연,F,1999-03-11,2022-12-03, 대전,user5489.com
1349,최선진,여,1991-11-14,2021-10-03,부산,user1349@example.com
1968,전영하,여,1990-01-01,2021-06-25,서울 ,user1968@example.com
4209,정도현,F,2006-05-13,2023-05-03,서울,user4209@example.com
4410,이현경,남,1991-01-12,2021-02-05,수원,user4410@example.com
5126,김재하,여,1991-01-17,2020-10-13,부산,user5126@example.com
3887,이영지,,1968-03-06,2022-07-30,서울,user3887.com
5081,강은지,M,2002-08-13,2020-12-13,서울,user5081@example.com
4336,한서경,여,2006-10-29,2022-07-12,울산 ,user4336@example.com
4319,김성민,F,1975-09-09,2020-04-23,서울 ,user4319@example.com
4506,안태서,여,1988-06-22,2021-07-13, 대전,user4506@example.com
2159,조수선,F,1976-09-15,2021-02-03,서울,user2159@example.com
3188,임우연,M,1956-07-02,2022-01-25,수원,user3188@example.com
2313,송경서,여,1995-10-22,2024-04-23, 대전,user2313@example.com
1442,박선선,M,1954-02-15,2021-02-09,부산,user1442@example.com
5944,김도지,M,1991-05-28,2020-06-09,인천,user5944@example.com
3645,김연진,F,1977-01-12,2023-04-12,울산,user3645@example.com
1109,권수민,M,1978-01-02,2020-09-18,인천,user1109@example.com
5811,정지하,여,1985-11-15,2021-04-10, 서울,user5811@example.com
2756,조민은,M,1956-03-01,2020-12-22,울산,user2756@example.com
5839,전영경,여,1988-06-26,2021-04-09,부산,user5839@example.com
2318,장준준,여,1987-06-14,2020-05-01,부산 ,user2318@example.com
1784,임영수,여,1965-08-10,2024-06-25,광주 ,user1784@example.com
1840,강재진,,1983-09-21,2020-11-27,광주,user1840@example.com
1910,황성하,F,2001-09-06,2020-05-03,인천,user1910@example.com
2709,정우성,M,1969-05-08,2024-06-12,부산,user2709@example.com
1298,강경태,M,1958-03-04,2022-06-12,서울 ,user1298@example.com
5379,전진현,F,1958-09-23,2022-03-03,고양,user5379@example.com
2604,박예준,M,1978-12-20,2020-09-01,세종 ,user2604@example.com
2571,윤서태,F,1974-05-21,2020-09-14,부산,user2571@example.com
5469,권은서,M,1979-11-22,2021-01-10,대구,user5469@example.com
3170,김성하,M,1977-09-19,2022-03-11,대구,
2682,김현지,남,1982-05-23,2023-05-15,대구 ,user2682@example.com
2340,한예수,남,1980-02-25,2021-11-29,서울,user2340@example.com
3808,황선연,M,1965-10-22,2020-08-31,대구,user3808@example.com
1011,홍성우,남,1994-02-09,2021-07-15,광주 ,user1011@example.com
3722,박재은,M,,2021-05-18,서울,user3722@example.com
2102,전하수,F,1987-05-12,2020-12-06,수원,user2102@example.com
3344,오우지,,2001-11-27,2021-10-12, 서울,user3344@example.com
3063,권도성,여,1982-01-03,2021-09-03,수원,user3063@example.com
2474,홍태수,남,1998-06-03,2021-10-07,수원,user2474@example.com
1263,전수진,M,1994-12-12,2023-12-07,세종 ,user1263@example.com
5244,윤우수,F,1988-07-08,2021-10-07,대구 ,user5244@example.com
4549,서선예,F,1967-01-15,2023-11-29,수원,user4549@example.com
4169,서선예,F,2006-10-24,2024-02-04,대구,user4169@example.com
4691,서선진,남,1963-06-19,2021-04-16,부산,user4691@example.com
2960,안수지,여,2006-10-09,2020-07-28,인천,user2960@example.com
2746,홍아지,여,1987-05-22,2020-07-10,서울,user2746@example.com
1171,이수현,M,1981-09-01,2022-04-18,울산 ,user1171@example.com
2216,한은은,F,1957-11-10,2023-04-09,인천 ,user2216@example.com
5247,최은성,M,,2020-05-11,고양,user5247@example.com
1377,권우우,M,2000-09-25,2024-03-16,고양,user1377@example.com
5130,김경선,M,1980-03-28,2021-01-28, 세종,user5130.com
1370,조은태,여,2006-08-21,2020-12-16,대전,user1370@example.com
5484,임예영,F,1964-12-01,2022-07-02, 수원,user5484@example.com
5504,김준아,F,1993-03-31,2023-11-03, 서울,user5504@example.com
4796,신서진,여,1974-02-04,2023-07-13,대구,user4796@example.com
1417,박진도,남,1998-08-15,2020-06-14,대구 ,user1417@example.com
5897,오아태,,1979-12-16,2022-02-14,서울,user5897@example.com
5317,장준은,F,1961-12-03,2022-01-08,대전,user5317@example.com
2959,최태민,남,1959-11-06,2020-05-09,고양,user2959@example.com
4426,임현선,M,1962-11-06,2024-04-24,인천,user4426@example.com
5485,윤진진,F,1989-08-29,2021-01-13,대전,user5485@example.com
3390,임아영,M,1965-09-10,2023-05-15, 서울,user3390@example.com
4445,권아성,M,1995-04-01,2024-03-07, 서울,user4445@example.com
2437,신영영,F,1954-03-19,2023-11-11,인천,user2437@example.com
4497,임현재,여,1972-09-27,2022-09-13,세종,user4497@example.com
4827,한재은,남,2003-08-27,2021-12-14,서울,user4827@example.com
4632,김준민,남,1968-12-24,2020-05-03,세종,user4632@example.com
2771,윤은서,여,1968-11-16,2020-08-06,고양,user2771@example.com
4896,한우아,M,1998-09-17,2024-06-24,인천,user4896@example.com
5177,권선아,M,1954-05-10,2023-07-30,부산,user5177@example.com
4310,한수서,남,,2020-02-24,서울,user4310@example.com
2937,오하아,F,1992-01-13,2022-09-16,서울,user2937@example.com
1259,오민재,남,1975-03-22,2022-01-06,서울,user1259@example.com
3013,전재성,여,1976-01-22,2020-10-02,수원,user3013@example.com
5691,이재태,남,1975-12-01,2021-04-09,수원,user5691@example.com
5762,이성서,남,1964-07-30,2021-02-06,서울,user5762@example.com
5471,송연예,남,1991-03-10,2021-02-15,수원,user5471@example.com
2559,송민준,F,1975-03-17,2023-04-26, 수원,user2559@example.com
3964,권지은,M,1973-10-25,2020-04-13,인천,user3964@example.com
4063,박도도,F,1996-01-11,2021-10-04,인천,user4063@example.com
2114,최하도,M,1954-07-30,2020-08-01,부산,user2114@example.com
4539,안재예,F,2005-06-13,2022-12-17,수원,user4539@example.com
2468,황태아,M,1973-07-04,2021-09-18,대구,user2468@example.com
1958,홍연지,남,1969-08-30,2020-03-07,서울,user1958@example.com
2017,임수현,M,1955-09-10,2023-03-27, 광주,user2017@example.com
1754,오은준,남,1968-05-06,2020-09-16,고양,user1754@example.com
4547,송현지,여,,2020-12-09,인천,user4547@example.com
2162,안도도,M,2004-06-21,2021-02-08,인천,user2162@example.com
5167,최민지,여,2001-01-11,2023-10-06,서울,user5167@example.com
5759,신서예,여,1999-04-04,2022-01-17,대전,user5759@example.com
2472,장현연,남,1959-05-05,2020-07-15,수원,user2472@example.com
3353,임우우,F,,2023-08-30,서울,user3353@example.com
1020,한아우,여,2003-02-16,2021-11-16,대구,user1020@example.com
1461,박도영,M,1994-05-04,2024-04-26,대구,user1461@example.com
5199,정선준,F,1998-05-06,2021-05-26,대전 ,user5199@example.com
5398,이민은,여,1979-01-12,2023-06-06,고양,user5398@example.com
4669,정수영,M,1956-03-09,2021-11-18,수원 ,user4669@example.com
5207,전도예,남,1960-12-05,2021-11-04,서울,user5207@example.com
4983,신현도,F,1975-10-24,2023-09-12,서울,user4983@example.com
3082,조경도,남,,2022-08-22,서울,user3082@example.com
3995,서성도,M,1972-07-02,2020-05-04, 인천,user3995@example.com
3749,홍준진,남,1967-09-23,2024-04-08, 서울,user3749@example.com
2116,홍하아,M,2000-04-12,2024-01-08,대구,user2116@example.com
4875,서재준,여,1969-12-27,2020-10-07,고양,user4875@example.com
3708,권수은,F,1998-08-25,2020-06-06,서울,user3708@example.com
1963,정현예,,1972-07-01,2023-09-16,세종,user1963@example.com
3693,장수선,남,1962-11-05,2021-01-06,대구,user3693@example.com
2535,김경태,M,1967-12-28,2021-01-22,울산,user2535@example.com
2623,김수경,여,2003-03-29,2024-03-06,서울 ,user2623@example.com
3106,황하진,F,1965-02-12,2021-08-27,서울,user3106@example.com
2220,서성준,남,1991-04-03,2020-10-25,고양,user2220@example.com
1672,서우현,F,1963-03-17,2022-01-10,수원,user1672@example.com
5500,신연서,남,1984-07-17,2023-05-21,광주 ,user5500@example.com
2847,한영현,F,1997-12-18,2023-03-03,수원,user2847@example.com
2027,강현재,남,1992-12-08,2023-05-04, 대전,user2027@example.com
3783,안진경,M,1989-01-02,2020-10-07,서울,user3783@example.com
4088,정은은,남,1996-09-24,2020-08-10,세종,user4088@example.com
2993,서예서,F,1999-11-03,2020-01-12,울산 ,user2993@example.com
5298,김성연,남,1969-05-01,2023-05-31,광주 ,user5298@example.com
3605,황서예,여,,2020-10-01,서울,user3605@example.com
2540,임아재,M,1962-06-21,2020-08-03,서울,user2540@example.com
2654,최예영,M,1980-07-22,2022-10-18,서울,user2654@
3701,황성우,M,,2021-06-03,수원,user3701@example.com
1164,장우서,M,2004-12-04,2024-01-02,수원,user1164@example.com
1217,이현수,M,1992-08-02,2021-09-23,수원 ,user1217@example.com
2217,권연영,M,1966-08-20,2024-01-04,고양,user2217@example.com
5020,박수준,남,1976-08-31,2021-04-25,서울,user5020@example.com
2830,윤아진,남,2001-05-11,2020-08-13,수원,user2830@example.com
1495,장하은,F,1988-07-21,2023-05-24,세종,user1495@example.com
3479,박아수,F,1960-05-02,2024-03-12,부산,user3479@example.com
2011,황수성,남,1963-02-26,2022-08-29,수원,
4886,이준연,F,1998-01-30,2022-08-22,부산,user4886@example.com
5430,전민서,M,,2022-05-24,서울 ,user5430@example.com
1340,서선영,남,2003-03-11,2021-07-07,광주,user1340@example.com
5750,김민성,M,1992-03-01,2024-05-02,수원 ,user5750@example.com
5243,김예우,M,1967-07-21,2021-09-06,울산,user5243@example.com
5534,김도아,M,1960-06-01,2023-08-26,부산,user5534@example.com
2545,오선서,F,1974-07-12,2023-05-11,부산,user2545@
1660,최준연,F,2004-09-05,2022-01-13,대구,user1660@example.com
1238,조선우,F,1954-10-25,2023-12-26,고양,user1238@example.com
2628,윤지선,,1961-01-20,2020-11-15,수원,user2628@example.com
4264,한서수,,1966-09-03,2023-07-30,부산 ,user4264@example.com
2766,한진은,남,1988-06-24,2020-05-21,울산,user2766@example.com
4576,서성우,남,1967-02-09,2021-04-22,인천 ,user4576@example.com
4745,홍아도,남,1982-11-18,2022-10-07,대전,user4745@example.com
1089,안우진,F,1987-12-20,2020-11-24,부산,
5009,박태재,여,1967-02-08,2024-02-10,대전,
4023,최우재,M,1981-08-26,2023-05-15,세종,user4023@example.com
3047,한하태,남,,2022-09-03,대구,user3047@example.com
3752,오성선,여,1991-01-30,2022-07-27, 부산,user3752@example.com
4791,최준서,F,1974-09-15,2022-05-17, 인천,user4791@example.com
2074,임도선,남,1992-01-22,2023-02-10, 서울,user2074@example.com
1234,임연민,F,1967-01-09,2022-10-10,대전,user1234@example.com
5932,송하예,M,1982-04-12,2023-07-07,서울,user5932@example.com
1389,최도은,여,1982-05-11,2020-02-05,인천,user1389@example.com
3781,전은아,여,1982-03-10,2023-08-22,서울 ,user3781@example.com
1459,박재성,남,1974-10-17,2020-12-28, 광주,user1459@example.com
5371,최영영,남,1989-09-09,2023-11-08, 서울,user5371@example.com
4218,홍도영,여,1987-04-24,2021-08-19,부산,user4218@example.com
2882,최예선,여,1965-08-07,2021-08-14,광주,
5443,임예성,M,1966-10-07,2023-04-17,수원,user5443@example.com
1202,임준아,F,1963-08-30,2020-06-23, 광주,user1202.com
3423,안은진,M,1964-11-03,2021-06-02,서울,user3423@example.com
5922,오연준,남,1964-09-01,2023-07-22,서울,user5922@example.com
3429,강하아,M,1959-09-18,2024-03-01,서울,user3429@example.com
1384,김수진,남,,2020-03-07,수원,user1384@example.com
5091,김서선,F,1967-12-16,2024-05-14, 대구,user5091@example.com
5173,윤우지,여,1998-05-14,2024-06-02,부산,user5173@example.com
3683,안예경,F,1968-11-08,2022-12-31,서울,user3683@example.com
3103,박지지,여,2006-09-01,2024-02-24,광주,user3103@example.com
5411,오경재,,2002-08-29,2020-04-17,인천,user5411@example.com
2196,권성연,여,1983-11-20,2022-04-03,부산,user2196@example.com
3874,윤선지,여,1982-05-29,2021-03-30,부산,user3874@example.com
3738,임민수,,,2023-10-18,서울 ,user3738@example.com
2586,안은은,여,1973-09-23,2021-12-21,부산,user2586@example.com
2789,황예도,남,1993-06-15,2020-09-20,서울,user2789@example.com
4453,조선예,M,1982-08-28,2020-02-24,인천 ,user4453@example.com
1653,안도진,여,1987-05-15,2024-03-19,대구,user1653@example.com
1167,최도성,여,,2022-08-14,대전,user1167@example.com
1354,홍우지,F,1973-07-01,2022-10-27,대구,user1354@example.com
4686,박민영,여,1997-12-27,2022-06-22,세종 ,user4686@example.com
4847,윤현하,F,,2020-03-09,울산,user4847@example.com
1893,홍민은,남,1991-05-02,2020-11-24,인천,user1893@example.com
3914,장우지,여,1961-03-08,2021-11-23,인천,user3914@example.com
4043,한서수,남,1983-06-14,2020-10-26, 수원,user4043@example.com
1701,서재진,남,1954-07-05,2020-09-27,부산,user1701@example.com
2052,한수경,남,1996-12-03,2022-11-29,부산,user2052@example.com
3872,안민성,남,1974-01-18,2024-01-20,서울,user3872@example.com
5022,한은은,M,1975-11-14,2021-02-15, 수원,user5022@example.com
3301,박진진,M,1967-07-21,2020-07-03,수원,user3301@example.com
3907,전지성,F,1967-02-11,2021-12-14,대전,user3907@example.com
4588,신민태,M,2002-06-08,2023-06-07,인천,user4588@example.com
1744,황진아,M,1962-12-08,2021-09-10,고양 ,user1744@example.com
2267,윤현재,남,,2020-11-19,세종,user2267@example.com
2273,신준진,남,,2021-12-09,고양,user2273@example.com
2442,전준진,M,1988-08-07,2023-11-13,인천,user2442@example.com
4173,조재지,M,1974-10-09,2023-09-20,수원,user4173@example.com
1792,권아영,여,,2021-12-08, 고양,user1792@example.com
1189,조태우,남,2001-10-09,2020-03-22,고양,user1189@example.com
2714,서영연,남,1989-10-02,2020-08-06,수원,user2714@example.com
4337,이하우,남,1966-09-25,2022-07-15,인천 ,user4337@example.com
5109,조진아,M,1985-04-20,2023-05-02,부산,user5109@example.com
1440,홍현수,남,2005-05-08,2022-07-04, 서울,user1440@example.com
4701,정진예,남,1969-08-22,2021-03-01,서울,user4701@example.com
2383,송서연,여,1980-03-15,2022-03-04,고양,user2383@example.com
4617,장지예,여,1957-11-10,2023-10-28,서울,user4617@example.com
5039,윤준진,F,1984-11-24,2020-12-22,부산,user5039@example.com
2791,송아아,F,1971-08-06,2020-02-06,부산,user2791@example.com
3095,황지선,여,1956-12-25,2020-07-26,서울,user3095@example.com
5639,전은하,M,,2023-11-22,수원,user5639@
3632,전영현,M,1959-10-27,2020-04-23,인천,user3632@example.com
3377,박영현,여,1992-10-28,2020-03-01,수원,user3377@example.com
1533,강선하,남,1995-09-15,2023-05-19,서울,user1533@example.com
2058,장서영,F,1973-05-05,2024-04-23,서울,user2058@example.com
2493,조선지,여,1979-02-05,2023-11-24,울산,
1393,오예아,F,,2021-08-06,서울,user1393@example.com
3474,박태지,여,1991-08-11,2024-06-23,대전,user3474@example.com
1815,안성예,남,1979-01-23,2024-04-11,서울,user1815@
1510,홍아수,M,1975-03-23,2022-11-15,서울,
5942,안민성,남,2006-07-11,2023-05-24, 부산,user5942@
4968,오재영,,2006-12-28,2021-11-18,서울,user4968@example.com
2798,임하태,,1954-08-14,2020-06-27,대구,user2798@example.com
1984,오선현,여,1966-05-22,2022-08-10,고양,user1984@example.com
1392,윤진서,여,,2021-01-11,고양,user1392@example.com
1097,신수하,남,1957-03-14,2024-05-01,대구,user1097@example.com
1147,정은수,M,2000-02-17,2023-05-21,울산,user1147@example.com
5155,최민준,M,1986-12-07,2020-07-15,수원,user5155@example.com
2440,황연태,M,1961-03-22,2021-06-14,대구 ,user2440@example.com
1637,강태경,F,1988-12-11,2020-08-06,고양,user1637@example.com
2103,최준성,F,1983-07-28,2021-01-17, 고양,user2103@example.com
4307,박연현,여,1998-06-15,2022-12-04,수원,user4307@example.com
5625,윤재성,F,1957-05-20,2022-04-30,대구,user5625@example.com
2469,이서예,M,2002-01-09,2024-05-28,고양,user2469@example.com
1598,서우영,M,2002-06-01,2020-07-08,서울 ,user1598@example.com
1753,전예수,F,1970-02-05,2020-11-02, 부산,user1753@example.com
1718,정연태,M,1959-10-07,2024-06-24,대구,
1711,한우수,여,1981-09-13,2022-08-25, 대구,user1711@example.com
1704,박우연,M,1962-01-16,2021-01-04,대구,user1704@example.com
4724,김태서,F,1965-01-03,2021-07-30,부산,user4724@example.com
2765,전도은,M,1979-05-23,2022-06-11,광주,user2765@example.com
5050,조예선,남,1966-05-10,2022-12-06,인천,
2934,박민아,남,1973-04-24,2020-07-10,광주,user2934@example.com
1691,황준진,F,1984-10-03,2023-10-15,서울,user1691@example.com
2066,전은경,여,,2023-02-10,수원,user2066@example.com
5835,한예연,M,1958-11-13,2022-09-06,인천,user5835@example.com
1074,신아진,남,1973-03-05,2020-07-22,수원,user1074@example.com
2780,김영준,F,1991-08-08,2023-04-15,대구,user2780@example.com
5862,송은수,F,1994-02-06,2022-02-28,수원,
3666,정수도,,1990-12-28,2021-08-14,울산,user3666@example.com
1809,홍민경,F,1990-09-08,2022-11-08,세종,user1809@example.com
4148,홍서지,남,1990-03-14,2022-07-22,대전,user4148@example.com
4798,김경하,남,1975-05-20,2023-08-24,부산,user4798@example.com
4419,강경예,남,,2022-02-19,수원,user4419@example.com
3227,전연예,M,1976-06-05,2022-09-25,서울,user3227@example.com
4903,김현성,,1970-03-06,2023-04-20,광주,
1629,윤하하,여,1978-09-21,2021-02-09,인천,user1629@example.com
4606,조아진,남,1997-08-03,2021-05-25,서울,user4606@example.com
3982,안예영,여,1960-03-02,2022-03-26, 대전,user3982@example.com
5923,신하재,여,1992-06-02,2020-11-10,서울,user5923@example.com
2682,김현지,남,1982-05-23,2023-05-15,대구 ,user2682@example.com
5374,조예도,M,1962-02-03,2022-02-23,광주,user5374@example.com
5790,최은재,M,2006-04-15,2020-12-11,세종 ,user5790@example.com
2145,임수예,F,1989-09-09,2022-07-13,서울,user2145@example.com
4507,안진지,여,1976-01-12,2021-09-22, 부산,user4507@example.com
3073,조재민,F,1992-11-24,2022-09-25,수원,user3073@example.com
5180,신진지,남,1999-12-15,2021-02-08,고양,user5180@example.com
3838,정선지,M,2004-04-14,2020-09-12,수원,user3838@example.com
4933,권은은,M,1956-10-24,2020-11-06,수원,user4933@example.com
2322,한진도,여,1994-05-07,2023-11-05,울산,user2322@example.com
3869,정선현,M,1991-04-07,2020-01-29,서울,user3869@example.com
1810,김지준,남,1995-02-25,2020-10-29,광주 ,user1810@example.com
2541,정진연,여,,2020-08-05,인천,user2541@example.com
1055,김태우,여,1960-12-10,2020-11-06,인천,user1055@example.com
4919,서진하,여,1972-09-29,2022-05-09, 인천,user4919@example.com
5351,오선태,M,2003-08-01,2023-02-18,울산 ,user5351.com
3450,안재우,M,2005-05-08,2021-05-13,수원,user3450@example.com
5849,전연성,,1992-01-08,2021-01-03,인천,user5849@example.com
5869,신우지,,1958-02-26,2020-08-12,울산,user5869@example.com
5564,송수연,여,1986-02-24,2021-05-26,수원,user5564@example.com
5501,한은하,M,1979-07-12,2022-11-08,울산,user5501@example.com
1308,조영재,남,1970-01-20,2022-11-06,서울,
1121,신진우,여,1975-11-27,2022-09-21,광주,user1121@example.com
1094,송선태,남,1970-05-01,2023-10-15,수원,user1094@example.com
2048,신연경,M,1990-12-08,2020-12-29,세종,user2048@example.com
2330,장민아,M,1999-11-01,2023-09-13, 광주,user2330@example.com
3241,신태경,여,1982-12-15,2023-02-02,서울,user3241@example.com
1046,장재영,여,2005-11-20,2023-01-28,울산,user1046@example.com
3991,서태현,M,1963-04-21,2022-08-29, 서울,user3991@example.com
3773,권민예,여,1993-04-29,2020-01-07,고양,user3773@example.com
4924,서하진,여,1960-07-09,2024-01-30,수원,user4924@example.com
1551,윤우예,F,1994-07-23,2021-11-28,울산,user1551@example.com
4765,장은준,M,1965-11-21,2022-04-30,인천,user4765@example.com
3541,홍재예,M,1990-09-09,2020-11-23,고양,user3541@example.com
3104,송경진,남,1962-02-04,2020-06-21,인천,user3104@example.com
2238,강지진,,1989-03-27,2021-08-17,부산,user2238@example.com
3899,정우선,M,2004-06-29,2020-03-20, 부산,user3899@example.com
5137,강도민,남,2005-03-25,2023-08-25,대구,user5137@example.com
3723,윤영선,M,,2022-03-05,수원,user3723@example.com
1060,전선지,,2006-05-12,2022-03-01,수원,user1060@example.com
5821,신선도,F,,2022-11-08, 서울,user5821@example.com
3079,박경도,F,,2022-02-28, 대전,user3079@example.com
1642,송성영,남,1992-08-19,2022-03-26, 고양,user1642@example.com
4957,권영은,M,1977-12-19,2020-12-05,서울,user4957@example.com
1872,박아영,남,1960-03-18,2020-12-07,고양,user1872@example.com
4673,김연도,M,1954-07-29,2021-12-17,부산,user4673@example.com
2911,송진아,M,1963-12-25,2021-06-12,부산,user2911@example.com
3046,임은도,M,1957-03-16,2020-07-28,대구,user3046@example.com
5509,홍예수,F,,2020-12-06,광주,user5509@example.com
4034,이재아,여,1982-10-13,2022-01-24, 인천,user4034@example.com
5773,홍아수,여,1990-01-20,2023-05-29,수원,user5773@example.com
5677,오경진,M,1969-01-07,2024-04-03, 울산,user5677@example.com
1540,권도도,F,2006-09-15,2020-08-23,광주,user1540@
5698,조태하,여,1996-07-20,2024-06-02,세종,user5698@example.com
3437,신성은,M,,2021-11-09,서울,user3437@example.com
4877,정현수,여,1971-04-20,2022-11-14,부산,user4877@example.com
3023,오영현,남,1956-01-16,2020-05-15,수원,user3023@example.com
1223,정은현,M,1982-04-06,2020-11-26,대구 ,user1223@example.com
4586,임진연,F,1984-07-11,2023-03-24,고양 ,user4586@example.com
4978,한영아,M,1980-08-23,2023-02-27,서울,user4978@example.com
5459,신지은,M,1974-08-14,2023-07-29,울산 ,
3317,장예하,F,1982-03-07,2023-01-17,인천,user3317@example.com
1491,송성태,여,1962-01-04,2021-04-28,광주 ,user1491@example.com
3276,정민아,남,1956-06-16,2023-08-18,서울,user3276@example.com
4275,전연태,F,1993-12-19,2024-05-25,부산,user4275@example.com
5218,한영은,여,1967-08-21,2023-12-19,인천,user5218@example.com
3867,최성연,여,1998-04-01,2024-03-18,인천,user3867@example.com
2397,신태예,F,1960-04-11,2020-07-11, 수원,user2397@example.com
3597,권선수,남,1989-08-06,2022-10-21, 서울,user3597@example.com
2724,한진수,M,1955-01-27,2020-11-15,광주,user2724@example.com
4704,전민준,여,1958-03-14,2023-02-13,수원,user4704@example.com
5854,이아태,F,2005-03-06,2024-05-15,수원 ,user5854@example.com
1879,서도경,,1989-03-04,2021-05-22,대전,user1879@example.com
1035,이서은,M,1964-12-21,2023-08-18,서울,user1035@example.com
2859,권아준,남,1998-04-29,2020-09-23,수원,user2859@example.com
4332,정민은,M,1995-11-14,2021-11-03,울산,
4338,송성민,F,1954-09-16,2023-04-03, 세종,user4338@example.com
2266,이예태,M,1987-05-09,2022-08-10,서울,user2266@example.com
4826,조선서,F,2000-08-03,2024-05-24,서울,user4826@example.com
4838,홍민영,남,,2022-12-29,고양,user4838@example.com
4186,황선재,,1975-11-17,2021-10-31,서울 ,user4186@example.com
5259,김영태,F,1971-01-07,2023-05-04,대구,user5259@example.com
5583,권영준,F,1985-04-25,2020-10-19, 부산,
1695,강서우,M,1961-06-03,2023-11-26,대전,user1695@example.com
4538,한성하,F,,2023-11-04,서울,user4538@example.com
2589,김지영,F,1987-01-27,2023-08-14,대구 ,user2589@example.com
1241,오경준,F,,2020-04-08,대전,user1241@example.com
2403,조아예,남,1965-01-16,2023-08-12, 광주,user2403@example.com
4424,서경은,F,1965-11-24,2023-09-09, 울산,user4424@example.com
4943,홍하연,여,1982-01-13,2023-05-07, 고양,user4943@example.com
5312,조현태,여,2004-09-25,2024-01-12, 울산,user5312@example.com
2718,장도은,F,1984-03-17,2024-05-02,고양,user2718@example.com
5456,오아태,F,1957-03-15,2020-04-09,부산,user5456@example.com
1250,최예수,F,1962-09-25,2021-10-11,대구,user1250@example.com
4210,홍현지,M,1988-01-20,2020-08-30,대전,user4210@example.com
2675,홍성선,,1990-11-16,2021-04-27,부산,user2675@example.com
5850,전재영,남,1976-07-14,2021-07-21,대전,user5850@example.com
2947,전은은,F,1973-08-24,2020-08-03,고양,user2947@example.com
2969,최연준,여,1973-04-01,2020-07-02,고양,user2969@example.com
4657,전하하,남,1975-09-26,2022-11-22,인천,user4657@example.com
4355,장예진,남,1974-05-08,2020-08-30,대전,user4355@example.com
3563,장준도,M,1989-04-17,2020-02-18,부산,
4579,이영은,여,1991-03-28,2022-05-03,대구 ,user4579@example.com
1715,황도준,남,1969-12-29,2021-06-02,서울,user1715@example.com
2185,조현진,남,1987-01-12,2023-08-24,부산,user2185@example.com
4781,정지재,여,1962-09-04,2020-04-04,고양,user4781@example.com
5927,오수진,M,1981-09-23,2024-04-27,서울,user5927@example.com
1539,김하지,남,1969-10-15,2020-03-08,부산,user1539@example.com
5640,안우준,남,1988-01-01,2023-09-06,수원,user5640@example.com
1399,조진준,여,1991-02-08,2020-06-26,서울,user1399@example.com
5483,이은준,남,,2021-01-17,울산,user5483@example.com
5311,송준민,F,1980-09-23,2024-02-18,인천,user5311@example.com
3539,임서예,남,1999-03-13,2023-07-23,울산,user3539@example.com
1821,신우수,M,2000-11-26,2020-12-07,광주,user1821@example.com
4049,권현지,M,1969-10-31,2022-10-19,서울 ,user4049@example.com
4541,오준하,F,1957-09-25,2024-05-22,서울,user4541@example.com
5188,김경서,F,1973-10-21,2023-02-12,인천 ,user5188@example.com
2327,이연영,여,1990-10-06,2022-03-21,서울,user2327@example.com
1654,오수경,여,1995-08-30,2020-09-03,서울 ,user1654@example.com
5886,신진우,남,2000-04-03,2022-02-25,울산,user5886@example.com
3195,안은서,M,1978-10-22,2021-03-10,서울,user3195@example.com
5751,박우은,남,2006-06-07,2024-03-21,고양,user5751@example.com
4857,김준영,여,1957-02-26,2020-07-25,부산,
4002,전경서,여,1962-10-02,2023-12-30,울산,user4002@example.com
2801,임예태,F,2002-10-07,2023-05-09, 대전,user2801@example.com
5160,장현선,여,1958-08-25,2021-11-30,서울 ,user5160@example.com
5868,전도성,F,1965-02-15,2020-03-08,부산,user5868@example.com
1456,박재민,M,1989-04-01,2021-01-31,광주,user1456@example.com
5843,최우선,남,2006-01-28,2023-05-01,광주,user5843@example.com
1265,오우예,M,1990-10-11,2020-12-15,대구,user1265@example.com
1438,이도아,남,1957-07-20,2022-08-12,대전,user1438@example.com
2187,오재진,F,1989-03-17,2024-04-17,부산 ,user2187@example.com
5543,서예현,여,1961-12-07,2023-10-19,서울,user5543@example.com
5212,장영은,F,1985-06-23,2023-04-26,울산,user5212@example.com
5476,전예은,M,1963-05-10,2020-12-17,대구,user5476@example.com
3810,한하아,남,1987-06-28,2024-01-07,대전,user3810@example.com
2995,김진영,M,1996-12-03,2021-01-12,대구,
5894,임재수,F,1962-11-28,2020-08-10,부산,user5894@example.com
4334,이연현,여,1995-03-21,2024-04-24,서울,user4334@example.com
5523,홍영연,F,1980-02-12,2020-05-15, 인천,user5523@example.com
2802,임수선,F,1964-07-29,2020-10-28,부산,user2802@example.com
4870,김도재,여,1980-10-03,2023-06-24,대전,user4870@example.com
2040,권민하,여,1960-08-26,2023-12-29,인천,user2040@example.com
3465,최영선,여,,2020-03-14,인천,user3465@example.com
2578,박선현,M,1965-06-17,2023-12-02, 인천,user2578@example.com
4551,한은하,M,1967-04-10,2020-03-19, 수원,user4551@example.com
5241,강태영,F,1982-02-27,2020-10-03,서울,user5241@example.com
3432,최우수,여,1986-03-04,2021-12-06,고양,
5532,권민경,M,1956-12-04,2023-12-24,세종,user5532@example.com
2485,송민성,남,1985-12-27,2020-10-24,부산,user2485@example.com
4215,강재지,,1961-04-20,2020-03-13,대구,user4215@example.com
4224,서민지,M,2004-09-01,2023-10-28,고양,user4224@example.com
3035,안아준,여,,2020-11-20,고양,user3035@example.com
3735,박영재,남,2005-04-11,2020-08-26, 부산,user3735@example.com
5198,홍예도,여,1993-09-01,2022-05-03,울산,user5198@example.com
1770,신태준,여,1989-02-08,2020-03-03,대전,user1770@example.com
4519,전서현,F,1980-10-23,2022-04-08, 서울,user4519@example.com
2374,송경지,M,1973-02-09,2020-08-01,부산,user2374@example.com
1071,최도은,,1990-10-04,2024-05-02,대전,user1071@example.com
4621,정현민,F,1987-12-21,2021-05-22,세종,user4621@example.com
2372,장지성,여,1970-03-28,2022-09-26,인천,user2372@example.com
1646,임성아,여,1978-07-24,2022-01-12,수원,user1646@example.com
2473,정재서,M,1954-09-29,2022-07-27,부산,user2473@example.com
2033,조선연,여,2000-12-21,2023-10-05,서울,user2033@example.com
5909,서준성,M,1974-11-24,2021-01-28,서울,user5909@example.com
1575,윤지지,여,1976-11-09,2021-08-27,세종,user1575@example.com
4004,권영경,F,1991-04-03,2022-12-13,서울,user4004@example.com
3180,신은예,F,1985-09-21,2021-11-12, 울산,user3180@example.com
1363,송하현,여,1959-06-16,2020-11-12,대전,
3438,안우민,여,1987-04-27,2022-10-30, 서울,
2284,윤연준,남,1966-12-08,2024-03-22,세종,user2284@example.com
4753,강서민,여,1956-03-05,2023-07-18,부산,user4753@example.com
5193,김아하,M,1966-03-13,2023-06-27,서울,user5193@example.com
3204,임예서,여,1992-11-30,2021-12-18,서울,user3204@example.com
5621,홍아아,F,2006-10-17,2020-04-27,서울,user5621@example.com
4923,장선수,남,1985-10-21,2023-02-27,광주,user4923@example.com
2956,한민수,M,2005-12-02,2023-06-23,서울,user2956@example.com
3498,김재태,M,1985-07-13,2024-06-25,고양,
5661,오재재,,1968-04-30,2022-04-10,서울,user5661@example.com
1391,최수선,여,1958-01-31,2021-04-11,광주,user1391@example.com
5555,정하은,F,2003-03-15,2020-01-12,서울 ,user5555@example.com
5730,전민진,M,,2023-02-28,울산 ,user5730@example.com
3015,조선서,F,1987-12-09,2020-08-29,서울,user3015@example.com
1492,황경영,M,2006-10-31,2021-05-16,수원,user1492@example.com
3709,송수재,여,1962-03-26,2023-12-13,광주 ,user3709@example.com
3620,안영서,M,1977-09-06,2022-11-28,서울,user3620@example.com
5769,김준하,M,1964-08-29,2024-06-21,수원,user5769@example.com
3793,한우태,남,1958-02-10,2023-02-24,서울,user3793@example.com
1596,오현성,남,1984-03-01,2020-03-26,서울 ,user1596@example.com
3883,김성수,여,1963-11-23,2020-09-16, 인천,user3883@example.com
4608,서진도,여,2005-09-28,2021-08-25, 부산,
1103,김경영,M,1999-05-13,2023-06-07,부산,
5767,김민영,M,1970-07-24,2021-05-19, 수원,user5767@example.com
1959,장성수,남,1965-01-10,2021-07-28,대전,user1959@example.com
5920,홍수선,M,1971-01-23,2020-04-30,광주,user5920@
4250,조예우,,1986-06-30,2022-11-14,서울,
1969,김경재,남,1975-03-30,2022-08-02,대구 ,user1969@example.com
2768,이현수,M,1959-02-22,2024-03-03,고양,user2768@example.com
5386,강하예,M,1958-01-11,2023-10-22,광주,user5386@example.com
3939,최현영,남,1981-12-09,2021-12-25,서울,user3939@example.com
3476,한진재,M,1982-04-14,2024-02-18,서울,user3476@example.com
5806,임은영,여,1973-09-02,2020-01-13,대구,user5806@example.com
1750,홍수성,여,1999-08-20,2020-06-21,인천,user1750@example.com
1634,최도아,여,1961-08-21,2023-03-28,인천,user1634@example.com
4558,최민서,,1956-05-05,2021-04-01,부산,user4558@example.com
3267,권현서,F,1986-11-03,2024-06-09, 인천,user3267@example.com
1728,임수영,,1968-03-01,2022-06-26,서울 ,user1728@example.com
4354,홍은성,M,1979-01-19,2023-01-29, 광주,user4354@example.com
1807,박성영,여,1984-04-15,2020-09-02,서울,user1807@example.com
2907,최경연,M,2002-04-01,2020-05-18,광주 ,user2907@example.com
4965,송진진,M,1999-04-11,2022-08-20,수원,user4965@example.com
2634,장재선,F,1989-06-10,2020-05-28,부산,user2634@example.com
3639,송진민,여,1997-10-27,2021-12-04,세종 ,user3639@example.com
1766,서현예,여,1971-07-05,2022-11-08, 서울,
3835,한성우,F,1983-07-07,2020-03-19,대구 ,user3835@example.com
5826,최선하,남,1997-01-17,2022-02-26,대전,user5826@example.com
3613,오선영,여,1967-10-09,2024-06-01,서울,user3613@example.com
5265,홍우연,남,1958-10-07,2021-01-21,인천,user5265@example.com
5061,김하태,여,1969-05-11,2021-09-24,고양,user5061@example.com
4660,오우준,F,1969-08-13,2024-03-10,부산,user4660@example.com
1674,서우수,여,1995-07-31,2020-09-25, 서울,user1674@example.com
2056,장준성,남,,2020-12-04,세종,user2056@example.com
5399,신영수,여,1988-06-22,2021-12-18, 울산,user5399@example.com
4084,조선은,여,1988-09-30,2020-12-12, 인천,user4084@example.com
5125,한아민,M,1984-01-06,2021-03-21,고양,user5125@example.com
4180,정지준,M,1990-07-06,2021-08-18,인천,user4180@example.com
1468,최진은,남,1997-10-21,2020-11-29,세종 ,user1468@example.com
1773,권성영,M,1983-10-03,2020-03-24,서울,
3880,김현예,여,1966-05-28,2023-09-20,서울,user3880@example.com
3761,장우예,여,1957-03-04,2022-04-01,서울,user3761@example.com
1043,윤진서,F,1997-02-22,2022-09-06,서울,user1043@example.com
5813,오진재,여,1996-09-24,2024-02-14,고양,user5813@example.com
2451,김연경,여,2000-02-28,2021-02-01,대구,
2507,임수연,남,,2022-04-22, 고양,user2507@example.com
2355,임하연,F,1998-05-15,2022-10-01, 수원,user2355@example.com
4057,박우우,F,1981-10-04,2023-12-03, 부산,user4057@example.com
3509,박연지,F,,2020-07-16,수원,user3509@example.com
5747,강지경,M,1983-05-02,2023-10-09,수원,user5747@example.com
4702,정은은,남,1988-06-19,2021-06-12,수원,user4702@example.com
4994,한민경,여,1990-02-09,2022-05-21,서울,user4994@example.com
3379,신우예,M,1973-05-08,2021-06-16,고양,user3379@example.com
3097,송하아,남,1985-04-24,2023-09-02,서울,user3097@example.com
5409,조아선,M,1970-05-07,2020-11-21,서울,user5409@example.com
3514,박예서,여,1987-08-07,2020-02-02,서울,user3514@example.com
1458,안진태,여,1969-03-07,2024-03-12,세종,user1458@example.com
3203,조선성,여,2000-04-15,2022-02-10,부산,user3203@example.com
2317,오민예,남,1982-10-05,2022-12-28,부산,user2317@example.com
4130,윤아민,F,2001-06-16,2020-02-13,서울,user4130@example.com
3601,정도선,여,1998-04-21,2021-05-07,서울,user3601@example.com
5585,서진재,F,1989-05-16,2024-04-07,서울,user5585@example.com
2568,전현연,남,1988-02-25,2021-09-05,광주,user2568@example.com
1400,홍우서,남,2006-04-08,2021-12-22,서울,user1400@example.com
3373,윤경태,M,2006-05-27,2022-02-19,서울 ,user3373@example.com
2265,김수은,여,1975-01-27,2023-04-02, 부산,user2265@example.com
2729,박성성,,1960-12-07,2021-10-10, 수원,user2729@example.com
1926,한경진,F,1974-11-08,2023-03-31,서울,user1926@example.com
3836,홍재하,,1998-02-15,2021-10-10,울산,user3836@example.com
4302,서민선,여,1978-10-13,2020-08-09,고양 ,user4302@example.com
5746,황예태,여,1954-06-21,2021-11-21,대전,user5746@example.com
1474,서은재,M,1954-06-26,2022-03-10,부산,user1474@example.com
3481,송선선,F,1954-10-07,2022-06-11,부산,user3481@example.com
2901,한성선,,1966-09-07,2022-01-22,고양,user2901@example.com
1104,황민준,남,1957-05-20,2020-05-24,수원,user1104@example.com
2037,김성성,,1978-09-21,2022-05-25,대전,user2037@example.com
4095,황은도,여,1971-05-28,2024-02-23,광주,user4095@example.com
3176,박아재,남,,2020-02-28,광주,user3176@example.com
2239,김도아,M,1977-12-20,2023-06-23,서울,user2239@example.com
1507,정하도,남,1957-06-12,2021-05-15,서울,user1507@example.com
5054,김연아,여,,2021-11-30,수원,user5054@example.com
3482,최하우,여,1993-06-06,2023-07-31,서울,user3482@example.com
4343,서민준,여,1964-12-09,2021-07-05,대전,user4343@example.com
4577,송선연,F,1965-08-03,2023-04-03,인천,user4577@example.com
1433,박하하,F,1954-01-12,2022-06-26,부산,user1433@example.com
1309,박우선,여,1998-02-25,2020-12-22,대구,user1309@example.com
3279,신수재,남,1995-10-27,2023-09-12,수원,user3279@example.com
1994,한준예,,2005-08-25,2020-10-17,광주 ,user1994@example.com
3631,신우선,남,1987-03-13,2020-11-25,고양,user3631@example.com
1650,임은태,남,1993-10-03,2021-10-13,울산,user1650@example.com
3309,한현예,남,1959-06-16,2023-10-08, 대구,user3309@example.com
2983,황수진,여,1981-02-06,2021-03-20,서울,user2983@example.com
3996,조재민,남,2001-12-25,2020-01-01,광주,user3996@example.com
5613,한태예,,1961-01-10,2022-10-26,수원,user5613@example.com
3131,홍아서,M,1991-03-11,2023-05-04,수원,user3131@example.com
2309,송경성,여,1982-08-13,2021-06-03,대전,user2309@example.com
2708,정진수,여,1998-05-07,2022-03-05,울산,user2708@example.com
4444,전서수,F,1987-10-25,2020-10-01,고양,user4444@example.com
4610,오태선,여,1982-04-19,2024-01-08,대구,user4610@example.com
5941,장선지,F,1994-01-06,2023-09-06,서울,user5941@example.com
4198,홍서경,F,1986-01-09,2023-09-02,수원,
5652,조현서,여,2001-04-14,2023-07-08,울산 ,user5652@example.com
2021,이우영,남,1987-01-20,2022-11-09,대구,user2021@example.com
1489,서진아,F,1974-03-02,2024-01-30,울산,user1489@example.com
2685,한지지,여,,2023-01-14, 부산,user2685@example.com
5080,전우경,,1975-06-13,2021-03-20,대구,user5080@example.com
5761,안경우,M,1987-11-03,2020-03-11,서울,user5761@example.com
4387,권성은,남,1987-02-01,2023-04-16,인천,user4387@example.com
4570,황진수,여,1970-04-26,2021-10-22,고양,user4570@example.com
4989,임우하,여,1983-08-29,2022-09-01,서울,user4989@example.com
3283,황하지,여,1956-04-22,2024-05-26,수원,user3283@example.com
3546,황연민,M,1969-02-25,2024-02-27,서울 ,user3546@example.com
4711,홍지연,여,2001-10-14,2021-06-22,대구,user4711@example.com
4132,황성수,M,,2020-02-17,수원,user4132@example.com
1730,권현지,F,1966-11-25,2021-06-14,대구,user1730@example.com
3856,오우준,F,2005-05-12,2021-03-13,부산,user3856@example.com
4563,황민성,M,1957-04-24,2021-09-19,광주,user4563@example.com
5482,안아도,F,1981-12-12,2020-11-07,서울,user5482@example.com
1982,한은하,여,2003-05-14,2022-08-28,서울,user1982@example.com
5682,신우우,M,1977-10-18,2020-10-10,세종,user5682@example.com
1152,전우연,남,1984-06-02,2022-08-15,울산,user1152@example.com
1084,서민준,여,,2020-11-06,수원,user1084@example.com
5404,강예민,남,2005-02-10,2024-03-26,울산,user5404@example.com
5816,송하민,M,2003-03-09,2021-10-24,인천,
5898,황영현,,1975-05-03,2024-02-10,서울 ,user5898@example.com
3272,강하성,M,1995-02-24,2022-11-14,대구,user3272@example.com
3845,임예태,여,,2020-12-02,수원,user3845@example.com
1406,장영영,F,1980-09-29,2020-10-06,울산,user1406@example.com
5214,신경아,,2005-08-23,2022-01-08,부산 ,user5214@example.com
5685,권성선,M,1987-12-22,2022-12-29,서울,user5685@example.com
4379,윤수하,여,1985-01-20,2022-09-20,수원,user4379@example.com
5467,전현하,여,1998-05-31,2023-11-05,대구 ,user5467@example.com
3399,권연재,M,1961-03-30,2021-06-12,서울,user3399@example.com
4709,안경아,F,1964-01-09,2021-10-24, 서울,user4709@example.com
1813,강서진,여,1976-03-31,2022-04-12,대전,user1813@example.com
5148,송도진,여,1999-11-25,2023-02-12,서울,user5148@example.com
3719,최준재,F,1968-03-15,2021-09-07,광주,user3719@example.com
1780,송선아,M,1975-08-17,2021-05-09,부산,user1780@example.com
4916,이지선,남,1969-05-13,2022-02-20,서울,user4916@example.com
2234,서현아,남,1974-06-16,2021-07-09, 대전,user2234@example.com
3260,김연서,M,1983-10-20,2024-03-26,광주,user3260@example.com
1193,윤진우,F,1960-10-14,2023-02-05,대구,user1193@example.com
2487,김준아,여,1988-04-10,2023-06-08,서울,user2487@example.com
2390,조준선,M,1969-07-12,2020-06-13,울산,user2390@example.com
2107,전수수,남,1978-01-15,2021-08-26,서울,user2107@example.com
4614,황지준,여,1984-11-08,2022-06-16,울산,user4614@example.com
5448,오아선,M,1991-02-23,2022-10-05,고양,user5448@example.com
5302,박준선,여,1987-04-20,2021-07-05,인천,user5302@example.com
2311,조예진,F,1956-05-20,2022-08-27, 서울,user2311@example.com
2588,송은하,남,1967-06-12,2021-04-16,서울,user2588@example.com
4191,신하선,M,1981-11-20,2022-04-23,서울,user4191@example.com
4800,전우은,M,1975-03-29,2022-08-30,부산,user4800@example.com
2136,권예예,남,1982-07-31,2020-08-31,울산,user2136@example.com
4946,김준도,M,,2023-03-15,인천 ,user4946@example.com
1448,한경재,M,1991-10-17,2023-11-09,부산,user1448@example.com
2979,황연선,F,1965-01-04,2021-09-01,고양 ,
3760,박준도,M,1974-11-14,2021-01-24,울산,user3760@example.com
5478,송예진,M,,2022-07-14,서울,user5478@
4580,송재준,,1987-05-19,2022-03-07,서울,user4580@example.com
1105,황경연,M,2000-09-15,2022-09-13,부산,user1105@example.com
5052,황영재,여,1961-10-04,2022-06-02,울산,user5052@example.com
5278,권선태,여,1989-03-30,2020-07-17, 서울,user5278@example.com
2065,윤지하,M,,2021-10-10, 서울,user2065@example.com
2991,장예준,M,1954-10-14,2023-09-29,울산,
5619,송태서,남,1981-09-04,2021-03-29,인천,user5619.com
2346,송지현,여,,2023-09-02,서울,user2346@example.com
5841,박도준,여,1961-09-25,2022-02-07,세종,user5841@example.com
2727,오준재,F,1961-08-26,2021-07-24,고양,user2727@example.com
2783,홍영은,M,1973-08-10,2023-01-21,광주,user2783@example.com
4463,이현아,M,1961-07-14,2023-04-27,수원,user4463@example.com
4974,이하아,여,1973-09-30,2021-10-26,서울,user4974@example.com
2452,이은진,F,,2023-02-04,대구,user2452@example.com
2124,안경서,F,1973-02-28,2021-01-25,서울,user2124@example.com
1986,서현민,여,,2023-01-11,서울,user1986@example.com
4664,한현진,여,1967-10-20,2023-03-06,대전,user4664@example.com
4272,신수진,F,1970-12-24,2020-03-21,울산,user4272@example.com
5466,황예하,남,1964-12-27,2023-09-27,부산 ,user5466@example.com
3794,이현예,F,1961-10-05,2022-11-22,광주,user3794@example.com
1758,박성지,M,1984-05-13,2022-11-09,인천,user1758@example.com
2968,안서서,,1990-05-26,2023-07-01,울산,user2968@example.com
1795,강민재,M,1961-06-16,2023-12-11,서울 ,user1795@example.com
5557,송도현,남,1961-07-16,2021-02-11,인천,user5557@example.com
2038,장아영,여,1990-08-04,2023-07-26,서울,user2038@example.com
5464,장성하,M,1979-07-30,2021-04-28,대전 ,user5464@example.com
4503,정수수,F,1972-07-24,2022-03-09,수원,user4503@example.com
1937,박현지,남,1994-03-27,2020-08-28,대전,user1937@example.com
2978,이재태,남,1998-09-10,2024-02-12,수원 ,user2978@example.com
4074,오현민,여,1965-11-16,2023-10-10, 광주,user4074@example.com
1125,오하우,F,1971-12-10,2024-04-02,고양,user1125@example.com
3682,윤태경,F,1985-04-06,2020-10-15,서울,user3682@
5393,이은은,남,1998-05-27,2021-03-29,서울 ,user5393@example.com
4517,전연수,남,1980-08-13,2020-03-18,부산,user4517@example.com
2711,임경재,남,,2020-03-09,고양 ,user2711@example.com
2668,한은성,M,2003-10-02,2020-08-25,인천,user2668@example.com
1666,한연현,남,1992-03-28,2022-08-14,대전,user1666@example.com
1388,송하준,M,1969-04-24,2023-06-13,부산 ,user1388@example.com
1045,홍우은,남,2000-01-20,2023-01-13,광주,
4405,윤태영,여,1961-03-29,2020-03-07, 대구,user4405@example.com
1606,조지민,남,1969-07-14,2020-02-21,광주,user1606@example.com
3387,홍하수,F,1993-02-13,2021-10-04,대구,user3387@
2143,안도우,여,1993-11-26,2021-12-17,부산,user2143@example.com
4695,서수현,여,1966-05-04,2022-12-26,광주,user4695@example.com
1820,김은예,M,1983-07-13,2023-01-12,인천,user1820@example.com
4281,황준준,여,2006-11-20,2023-01-31,고양,user4281@example.com
4391,한태서,여,2003-03-29,2020-08-31,서울,user4391@example.com
3729,임준영,남,1999-02-15,2020-02-24,서울,user3729@example.com
1127,황민재,남,1965-04-07,2020-05-15,대전,
2458,강성하,,1984-05-02,2023-11-09,인천,user2458@example.com
3759,장수우,M,1988-06-08,2023-11-23, 수원,user3759@example.com
1141,정하경,M,1999-09-21,2024-04-20,대전 ,user1141@example.com
4380,안민영,여,1993-11-04,2020-09-30,고양,user4380@example.com
3927,조도경,F,,2020-10-23,울산,user3927@example.com
2291,송현수,,2003-07-17,2022-08-28,세종,user2291@example.com
1630,권성준,F,1966-05-17,2023-06-23,대구,user1630@example.com
1369,황우아,F,2006-12-01,2021-09-26,수원,user1369@example.com
1537,박연준,,1968-03-16,2020-12-07,서울,user1537@example.com
3022,신우서,,1956-10-02,2021-11-10,부산,user3022@example.com
2426,신지지,M,1992-09-23,2021-12-01,수원,user2426@example.com
5365,안지지,F,1988-11-05,2024-04-13,서울,user5365@example.com
3236,정도민,여,1995-11-24,2021-02-23,수원,user3236@example.com
4590,박성하,F,1987-01-26,2021-02-05,세종 ,user4590@example.com
2629,박예도,여,1966-05-25,2022-03-04,서울 ,user2629@example.com
4414,오아연,F,1985-08-30,2022-05-21,대전,user4414@example.com
4550,장준민,M,1971-05-09,2024-01-07,광주,user4550@example.com
2061,신연민,여,1972-07-11,2023-03-12,서울 ,
1165,안준민,남,1971-10-24,2022-10-01,서울,user1165@example.com
2808,이준예,여,1968-12-28,2021-12-24,서울,user2808@example.com
2302,신준예,남,1980-02-14,2020-04-30,고양,user2302@example.com
4485,김서아,여,1966-03-12,2023-03-07, 부산,user4485@example.com
4674,서우수,M,1994-11-28,2021-05-06,대구,
2257,오연아,F,1996-06-21,2022-11-11,수원 ,user2257@example.com
1518,임진재,여,1966-06-27,2021-03-25,서울,user1518@example.com
4492,윤은재,여,1986-02-11,2024-01-30,부산,user4492@example.com
4397,홍준경,M,1983-06-23,2020-06-07,인천,user4397@example.com
4430,정우재,M,1974-05-30,2020-06-24,인천 ,user4430@example.com
3568,윤우예,남,1978-09-30,2022-10-16,서울,user3568@example.com
4735,정진현,M,1998-12-29,2022-08-07,서울,
1894,권아준,M,1967-09-01,2024-06-03,광주,user1894@example.com
1237,장지준,여,1962-03-27,2020-12-31,수원 ,user1237@example.com
4216,김지진,여,2001-08-08,2022-06-06,인천,user4216@example.com
3687,오영태,M,1985-04-27,2022-08-10,서울,user3687@example.com
1509,정아현,F,1964-07-18,2024-05-07,고양,
5258,서하준,여,1988-06-14,2024-03-19,광주,user5258@example.com
4867,안아선,M,1965-06-09,2021-07-15,서울,
1450,홍아아,M,1997-10-22,2023-05-01,수원,user1450@example.com
2919,한서지,여,1994-11-05,2022-12-25, 대전,user2919@example.com
5948,강영현,남,2006-03-30,2022-01-20,인천,user5948@example.com
5237,박우예,남,2006-06-13,2020-02-12,서울,user5237@example.com
5916,박준경,여,2003-12-10,2023-04-30,세종 ,user5916@example.com
2546,신수영,,1978-04-29,2022-11-06,고양 ,user2546@example.com
1685,안진아,남,1977-06-11,2024-04-28,고양,user1685@example.com
5400,윤영우,,1968-06-20,2022-03-16, 울산,user5400@example.com
3763,김선태,M,1991-12-16,2023-08-10,대전,user3763@example.com
1251,임예우,M,1977-11-22,2020-02-10,인천 ,user1251@example.com
2704,전서영,F,,2022-02-01,서울,user2704@example.com
1591,전현영,F,1979-12-25,2023-09-07,대구,user1591@example.com
1873,박지서,M,2005-03-07,2022-12-27, 서울,user1873@example.com
5688,김경성,M,1987-08-28,2022-01-14, 부산,user5688@example.com
2999,강진영,여,1981-07-03,2021-05-31, 광주,
2022,송도수,여,1973-03-17,2022-01-10,인천,user2022@example.com
5742,장진재,여,1962-02-16,2024-02-08,서울,user5742@example.com
3614,박준선,F,1974-10-20,2023-11-01,부산,user3614@example.com
5073,전성진,여,2006-01-13,2020-01-25,수원,user5073@example.com
4949,최민은,남,1966-05-17,2023-03-29,울산,
2649,안민우,F,,2024-06-16,대전,user2649@example.com
2181,전예태,M,1978-10-17,2023-06-04,부산,user2181@example.com
1333,안연수,남,2000-08-28,2020-07-30,서울,user1333@example.com
2420,전태재,F,1954-10-24,2020-01-31, 대구,user2420@example.com
4560,이영영,남,1968-12-28,2023-09-19,서울,user4560@example.com
4663,홍진하,F,1965-07-02,2020-02-22, 서울,user4663@example.com
1847,이수진,F,1963-12-25,2020-12-20,울산 ,user1847@example.com
5579,강예선,M,1988-08-17,2023-02-08,대구,user5579@example.com
3140,권영도,F,,2023-11-01,부산,user3140@example.com
4535,이도선,M,1990-03-13,2023-04-26,부산,user4535@example.com
2972,신도민,F,1980-04-05,2021-03-08,서울,user2972@example.com
2206,한서수,여,1977-07-28,2021-04-29,대전,user2206@example.com
3275,장수우,M,1991-07-07,2023-09-19, 인천,user3275@example.com
2683,황재영,,2000-07-14,2024-02-11,서울,user2683@example.com
1294,한하경,M,1959-12-24,2023-04-14,고양,user1294@example.com
2233,권경영,여,1959-12-09,2020-01-29,고양,user2233@example.com
1169,김민수,여,1986-02-04,2023-12-26,인천,user1169@example.com
1561,김연선,여,1970-10-22,2022-05-31,대전,user1561@example.com
4145,오준민,여,1955-06-06,2021-07-15,고양,user4145@example.com
2051,윤선지,F,1965-09-27,2021-09-14,고양,user2051@example.com
3086,권서도,M,,2020-11-24,서울,user3086@example.com
1224,권우경,여,1997-01-11,2021-01-11,인천,user1224@example.com
3291,조수하,남,1959-12-20,2024-04-02, 서울,user3291@example.com
5780,안경지,F,1989-11-25,2021-08-21,대구,user5780@example.com
2032,권경지,F,2003-06-03,2023-05-23,서울,user2032@example.com
5450,송도지,M,1968-10-28,2023-08-06,수원,user5450@example.com
2637,서도하,M,1974-04-07,2023-11-19,울산,user2637@example.com
2288,박태경,여,2001-02-21,2024-02-28,서울,user2288@example.com
5926,윤태현,여,1965-11-06,2021-09-11,서울,user5926@example.com
2165,박현성,여,1998-12-14,2021-12-08,부산,user2165@example.com
1974,박경도,F,1976-03-28,2020-06-26,서울,user1974@example.com
5220,박성예,,1969-10-09,2021-04-09,고양,user5220@example.com
5131,전민태,남,2002-03-10,2024-03-07,울산,user5131@example.com
5254,조수도,남,1958-07-03,2020-10-03,광주,user5254@example.com
3133,윤성현,F,1956-05-28,2022-05-11,부산,user3133@example.com
1049,황도진,남,1971-10-29,2022-02-25,서울,user1049@
2684,윤아은,남,,2022-03-07,수원,user2684@example.com
2912,김현진,여,1987-06-26,2023-02-09,대전,user2912@example.com
5347,최은아,남,1996-11-04,2020-06-07,울산,user5347@example.com
2961,홍연태,여,1992-05-19,2020-09-17,인천 ,user2961@example.com
3734,장성하,F,2004-07-10,2020-07-20, 대구,user3734@example.com
4027,권태준,여,1961-05-29,2023-04-08, 광주,user4027@example.com
4099,강연진,F,2002-01-10,2022-06-29,수원,user4099@example.com
1952,서서경,여,1969-08-22,2023-12-20,울산,user1952@example.com
5700,송준우,F,1961-09-07,2022-01-31,부산,user5700@example.com
1834,송진하,F,1963-01-10,2024-02-13,광주,user1834@example.com
3976,임태아,M,1984-01-18,2021-07-21,인천,user3976@example.com
1682,홍성수,F,1956-06-08,2021-03-13, 서울,user1682@example.com
3282,조예서,여,2002-02-17,2023-07-17,수원,user3282@example.com
2971,전도진,여,1996-11-25,2022-07-18,광주,user2971@example.com
4799,이진태,M,1965-04-07,2024-01-31,수원,user4799@example.com
2120,김지도,여,1967-01-16,2022-01-10,광주,user2120@example.com
2182,신경영,F,1971-09-02,2022-02-11, 울산,user2182@example.com
4240,정우준,F,1974-10-17,2021-01-14,서울,user4240@example.com
2166,김선선,M,1963-05-01,2021-06-16,대구,user2166@example.com
4511,오태도,F,1980-11-23,2023-06-05,고양,user4511@example.com
4768,안수준,F,1966-09-09,2024-05-09, 인천,user4768@example.com
1656,황도재,여,1974-05-09,2022-07-18,서울,user1656@example.com
2409,강성준,M,1955-01-03,2023-12-15,서울,user2409@example.com
2966,윤민진,여,,2024-06-29,대전 ,user2966@example.com
3187,강선태,F,2002-04-23,2023-09-10,서울,user3187@example.com
4126,안성우,M,1957-01-04,2021-07-17,부산,user4126@example.com
1635,신재아,여,1955-03-12,2023-07-14,서울,user1635@example.com
1015,황지우,여,1981-03-15,2022-12-24,인천 ,user1015@example.com
5679,이예현,여,2005-08-05,2021-10-14,고양,user5679@example.com
2259,안수연,M,1977-03-19,2021-12-30,대전,user2259@example.com
5815,강수지,F,1977-03-05,2021-04-07,고양,user5815@example.com
5101,홍진재,M,1991-11-27,2021-04-08,수원,user5101@example.com
1390,권은은,남,1990-12-14,2024-06-10,대구,user1390@example.com
5209,서서지,M,1975-01-28,2022-12-08,서울,user5209@example.com
5637,임태경,F,2001-06-28,2020-09-01,울산,user5637@example.com
5197,박하성,M,1960-04-23,2023-12-04,대구,user5197@example.com
4327,정재지,여,1993-12-09,2020-01-09,부산,user4327.com
4794,송예서,F,1996-03-30,2021-11-19, 인천,user4794@example.com
1767,임재현,남,,2021-08-21,부산,user1767@example.com
5914,황영재,F,2004-02-06,2022-10-26,서울,user5914@example.com
4890,오준지,남,1982-03-28,2023-08-23,수원,user4890@example.com
1120,장경우,M,1972-11-25,2021-06-26,인천,user1120@example.com
2617,한서우,M,,2023-07-04,부산,user2617@example.com
4087,최서현,M,1982-04-05,2023-12-19,울산,user4087@example.com
3124,권재경,M,1960-08-11,2021-01-27,서울,user3124@example.com
3075,장태하,F,,2023-07-06,서울,user3075@example.com
2759,오도연,F,1995-08-16,2023-04-05,광주,user2759@example.com
4843,조현진,M,2001-07-13,2021-02-14,인천,user4843@example.com
3398,강경선,남,1963-01-26,2020-08-07,서울,user3398@example.com
1314,정선선,M,,2020-07-03,울산 ,user1314@example.com
4752,홍태재,여,,2020-01-15,서울,user4752@example.com
3323,신선하,여,1958-07-13,2024-04-10,수원 ,user3323@
4553,권지민,여,2006-03-25,2022-04-16,인천,user4553@example.com
3405,안진하,F,1964-10-08,2022-06-30, 서울,user3405@example.com
1868,장하준,남,1980-11-15,2022-10-25, 고양,user1868@example.com
5799,오성지,남,1967-08-19,2022-06-28, 세종,user5799@example.com
5424,조준현,남,2001-03-26,2021-06-04,광주,user5424@example.com
2554,임예태,F,1978-09-01,2020-01-11,수원 ,user2554@example.com
4033,박예우,남,1954-11-11,2021-07-24,인천,user4033@example.com
5593,권하아,여,1954-06-05,2020-01-09,부산,user5593@example.com
5584,오서도,,1992-06-13,2023-03-11,부산,user5584@example.com
2669,권서우,M,1957-07-20,2022-05-17,서울,user2669@example.com
1597,황민지,F,1972-11-15,2023-06-02,고양,user1597@example.com
2633,송재하,M,1975-01-04,2020-11-02,서울,user2633@example.com
2869,황지도,남,1997-03-23,2020-01-10,대전,user2869@example.com
4143,오우예,남,1968-04-23,2024-03-17,인천,user4143@example.com
2938,홍지우,여,1958-08-14,2020-01-30,인천,user2938@example.com
1622,최우은,여,1978-01-25,2022-12-16,대구,user1622@example.com
3154,권준재,남,1956-04-06,2023-03-01,수원,user3154@example.com
1849,서예영,M,2002-01-14,2024-05-09,인천,user1849@example.com
5356,홍영선,F,1989-05-12,2021-08-17,세종 ,user5356@example.com
2236,김하재,남,1986-12-01,2022-12-25, 울산,user2236@example.com
4613,이하연,여,2001-07-01,2021-08-10,서울,user4613@example.com
2661,서민태,M,1981-09-11,2020-02-23,수원,user2661@example.com
2878,권도태,여,1963-09-24,2023-03-13,서울,user2878@example.com
5825,장영아,M,1966-01-25,2020-10-13,인천,user5825@example.com
4274,정아민,여,1966-11-30,2022-05-18,서울,user4274@example.com
4592,홍도하,,1989-05-13,2021-05-17,울산,user4592@example.com
1418,강영서,여,1990-11-02,2020-02-11,부산,user1418@example.com
3849,윤현준,M,1973-09-16,2022-02-11, 수원,user3849@example.com
2401,정민아,여,1987-01-26,2021-02-28,부산,user2401@example.com
1546,장연예,M,,2024-04-27,서울,user1546@example.com
1295,한우수,남,1964-12-07,2022-09-01,울산,user1295@example.com
4071,임준아,,1960-02-23,2020-07-10,울산,user4071@example.com
1403,홍도서,여,1987-10-30,2023-06-26, 부산,user1403@example.com
1140,홍아진,F,1963-02-10,2023-09-16,부산,user1140@example.com
1987,조진재,여,1978-05-07,2020-02-07,대구 ,user1987@example.com
3823,홍태수,,2004-06-27,2024-01-12, 부산,user3823@example.com
4443,정지은,여,1972-12-16,2020-02-22,서울,user4443@example.com
2518,임성수,여,1962-06-06,2022-07-20,서울,user2518@example.com
5021,김준하,여,1975-08-20,2022-10-25,고양,user5021@example.com
4865,황하하,F,1995-10-05,2020-06-27,울산,user4865@example.com
5407,최서진,여,1996-01-16,2020-05-13,서울,user5407@example.com
2796,홍민재,남,1987-02-13,2024-02-28,서울 ,user2796@example.com
5709,장경성,F,1955-03-27,2021-10-31,고양,user5709@example.com
3200,윤진재,여,,2021-08-01, 대전,user3200.com
3084,박선영,남,1974-02-14,2022-12-26,대전,user3084@example.com
1079,신우지,F,,2023-01-09,서울,user1079@example.com
5097,박아아,여,1962-02-15,2021-05-05,서울,user5097@example.com
3533,최현성,남,1969-05-14,2024-05-02,부산,user3533@example.com
3884,윤경태,남,2003-09-27,2022-11-03,울산,user3884@example.com
2690,황은지,F,1956-11-20,2021-12-17,부산,user2690@example.com
2172,윤선도,여,1964-02-08,2024-03-08,광주,user2172@example.com
4726,박연지,남,1997-07-21,2020-08-18,세종,user4726@example.com
4620,홍경태,F,,2024-02-03,광주 ,user4620@example.com
5159,김준아,여,2005-09-02,2020-04-25,수원 ,user5159@example.com
2506,전준태,남,2006-09-27,2024-01-18,서울,user2506@example.com
2031,최연선,,1981-10-11,2020-01-25,서울,user2031@example.com
5339,한준영,여,1992-12-26,2020-05-09,서울,user5339@example.com
4278,홍은은,여,1977-05-11,2023-02-23,서울,user4278@example.com
2700,강우아,여,1982-03-26,2021-05-04, 대전,user2700@example.com
4719,강선연,M,1997-04-27,2021-08-22,부산 ,user4719@example.com
2260,강서도,남,1979-03-27,2023-06-01,대구,user2260@example.com
2821,황영수,남,1969-02-22,2023-10-16,서울,user2821@example.com
3076,임우성,F,,2020-01-01,대전,user3076@example.com
3817,송도성,남,,2020-08-12,대구,user3817@example.com
4917,안하태,남,1988-12-21,2022-04-23, 부산,user4917@example.com
4668,장민진,남,,2024-03-12,서울,user4668@example.com
5918,안도성,여,1985-05-12,2024-01-03,대전 ,user5918@example.com
3302,오연재,M,1990-11-24,2022-11-05,대구,user3302@example.com
4967,정민영,,1965-09-22,2022-08-18,부산,user4967@example.com
4091,윤우민,M,1985-09-19,2022-04-09,서울,user4091@example.com
3600,송하현,M,,2024-01-15, 서울,user3600@example.com
5928,최성수,여,1993-07-05,2021-08-02,인천,user5928@example.com
3440,윤태영,남,1964-04-11,2020-09-15,서울,user3440@example.com
1739,송우은,남,1980-03-16,2022-11-15, 인천,user1739@example.com
3085,신현태,F,1984-06-25,2022-09-08, 인천,user3085@example.com
1614,신서하,여,2000-05-08,2020-08-02,대전,user1614@example.com
4603,서예준,남,,2023-02-25,서울,user4603@example.com
1887,최민도,남,,2023-04-15,대구,user1887@
3961,장진예,F,,2020-09-16,서울,
3712,전예서,F,1976-03-10,2022-06-06,울산,user3712@example.com
2285,김영진,F,1963-02-19,2020-05-03,울산,user2285@example.com
4158,신영우,M,1970-10-11,2024-04-24,세종,user4158@example.com
4096,최예현,여,1959-10-30,2021-11-07,고양,user4096@example.com
5333,송민하,M,1966-02-26,2021-09-21, 고양,user5333@example.com
4624,안태진,,1956-12-09,2024-05-09,고양 ,user4624@example.com
3370,김우선,F,1960-02-14,2021-12-29,서울 ,user3370@example.com
5544,장진현,남,1976-01-10,2023-05-28,부산,user5544@example.com
4666,오연준,남,2004-10-25,2020-05-02,서울,user4666@example.com
4932,권준경,여,1983-03-01,2020-10-28,서울,user4932@example.com
1454,오민수,여,1968-11-12,2021-06-10,서울,user1454@example.com
2698,윤진진,M,1954-10-03,2023-03-29,수원,user2698@example.com
4679,권민선,여,1958-11-22,2021-05-09,광주,user4679@example.com
3492,전진도,남,1965-02-12,2021-07-17,고양,user3492@example.com
4016,한우선,남,,2021-12-08,서울,user4016@example.com
5671,신성경,남,1963-08-25,2024-04-28,대구,user5671@example.com
1839,전태은,F,1993-04-07,2024-05-09, 인천,user1839@example.com
1478,신민은,여,1990-04-10,2022-04-22,서울 ,user1478@example.com
2438,조우영,F,1986-01-30,2021-05-06, 서울,user2438@example.com
5618,서하하,M,1971-06-20,2020-06-23,대구,user5618@
1502,홍선영,남,1991-07-11,2020-06-28, 수원,user1502@example.com
2642,장하현,여,2003-03-04,2020-02-12,고양,user2642@example.com
5205,안서하,F,1992-04-29,2022-06-02,세종,user5205@example.com
2958,신현우,여,1983-02-23,2023-01-15,고양 ,user2958@example.com
3074,신지예,M,1959-10-11,2023-04-21,수원,user3074@example.com
5493,강성지,여,1971-08-28,2020-04-20,고양,user5493@example.com
3857,황성준,남,1969-08-16,2021-04-15,부산,user3857@example.com
2625,홍예재,M,,2022-08-04,고양,
2418,송민연,F,1965-02-15,2023-04-05,고양,user2418@example.com
2650,최지하,남,2006-03-11,2024-04-05,서울,user2650@example.com
3018,권성은,M,1969-11-18,2022-12-29,울산,user3018@example.com
4690,장진현,M,1956-03-12,2020-06-25,대구,user4690@example.com
4418,이도준,여,1980-10-12,2023-07-29,서울,user4418@example.com
2208,강연우,F,1977-06-01,2023-09-06,서울,user2208@example.com
4672,오아서,여,2001-10-25,2022-12-13,서울,user4672@example.com
3523,장준재,여,1955-04-27,2024-04-13,세종,user3523@example.com
1842,전하도,M,1995-07-09,2021-08-30,인천,user1842@example.com
4080,장준하,F,,2020-02-01,수원,user4080@example.com
5693,송준영,남,1966-08-14,2024-04-01, 서울,user5693@example.com
2776,조아아,여,1961-05-20,2020-01-21, 대구,user2776@example.com
4284,장하예,F,1989-01-30,2023-09-11,인천,user4284@example.com
4441,김성하,남,1961-02-06,2023-03-05,대구,user4441@example.com
4368,장우우,F,1998-03-12,2021-07-20,인천,user4368@example.com
3126,조선현,,1979-04-24,2022-03-10,고양,user3126@example.com
1571,장영수,남,1994-09-09,2023-08-09, 광주,user1571@example.com
3981,이서도,여,1997-06-24,2023-02-05,울산,user3981@example.com
2366,조연현,F,1987-04-19,2020-10-07,서울,user2366@example.com
2463,이민하,F,,2021-01-11,울산 ,user2463@example.com
1024,황선서,,1986-12-27,2021-09-30,서울,user1024@example.com
4991,황경연,여,2005-03-11,2022-02-26,서울,user4991@example.com
1131,오성준,M,1960-01-04,2020-08-16,고양,user1131@example.com
5536,이하경,남,1982-12-07,2020-07-02,부산,user5536@example.com
1339,홍준성,여,1977-02-02,2020-01-07,고양 ,user1339@example.com
2277,황영도,남,2002-09-06,2020-07-05,대전,user2277@example.com
3906,서서서,여,2006-12-08,2022-02-09,서울,user3906@example.com
5949,윤영재,남,1956-04-12,2021-04-23,인천,user5949@example.com
4502,조재준,F,1955-05-18,2022-01-16,대전,user4502@example.com
2763,서진준,여,,2024-03-22,부산,user2763@example.com
2339,장선서,M,1990-08-31,2020-09-12,서울,user2339@example.com
1219,전민서,F,2004-03-25,2021-05-03,서울,user1219@example.com
2298,한서성,여,1986-01-07,2024-01-01, 서울,user2298@example.com
5281,송준도,여,1981-05-11,2020-03-17,서울,user5281@example.com
2870,김연하,M,1960-11-26,2020-09-16,고양 ,user2870@example.com
2444,박진영,F,1991-12-06,2022-08-15, 대구,user2444@example.com
3549,박우성,여,1971-01-28,2022-01-17, 수원,user3549@example.com
4737,한우지,M,1966-09-30,2022-03-19, 서울,user4737@example.com
5915,박연진,M,1959-05-30,2024-01-30, 서울,user5915@example.com
3136,한예성,M,1970-11-11,2020-06-12,수원,user3136@example.com
5775,김준도,F,1979-02-24,2023-03-16,광주,user5775@example.com
1786,김준재,여,2005-05-14,2024-03-06,광주,user1786@example.com
1658,이수진,여,1984-06-10,2023-06-23,서울,user1658@example.com
5335,장도영,남,1962-03-15,2021-05-25,인천,user5335@example.com
1599,서연선,남,1995-08-27,2023-07-07,울산,user1599@example.com
4747,홍성민,여,1966-10-27,2020-09-19,광주,user4747@example.com
1704,박우연,M,1962-01-16,2021-01-04,대구,user1704@example.com
4641,전예은,여,2002-05-11,2021-04-18,인천,user4641@example.com
5191,조은태,남,1959-05-25,2021-11-16,대전,user5191@example.com
4238,송현연,여,1998-06-24,2022-07-26,고양,user4238@example.com
3804,최현지,남,1991-05-20,2022-02-01,대전,user3804@example.com
3030,오준우,,1996-10-26,2021-07-26,수원,user3030@example.com
2389,전수수,F,1977-07-18,2023-04-05,대구,user2389@example.com
3105,강현진,F,1959-11-17,2023-11-13,서울,user3105@example.com
5242,안아연,F,1983-10-20,2022-10-13,수원,user5242@example.com
3596,한영하,M,1999-12-30,2022-07-02,서울 ,user3596@example.com
1229,최예경,남,1997-05-21,2024-01-19,대전,user1229@example.com
4652,장준선,F,1979-02-22,2022-06-22,서울,user4652@example.com
1914,오경현,,1967-07-05,2024-03-15,서울,user1914@example.com
3924,장준성,F,1959-12-10,2022-05-13,부산,user3924@example.com
5423,임준예,남,1998-05-08,2020-03-21,서울,user5423@example.com
1327,김선경,F,1956-08-07,2023-09-02,서울,user1327@
5047,정아태,M,1963-04-13,2022-09-17,서울,user5047@example.com
4622,조경준,남,1965-03-06,2023-01-04,인천,user4622@example.com
4934,최현민,M,2004-02-04,2022-05-13, 수원,user4934@example.com
3733,정수성,남,,2021-01-19, 세종,user3733@example.com
1114,한성영,남,,2023-12-29,부산,
1808,윤성연,여,1987-12-08,2020-02-05,부산,user1808@example.com
1625,정성현,남,1982-01-19,2024-05-10,부산,user1625@example.com
2293,김은경,F,1965-05-23,2021-04-08,인천,user2293@example.com
4039,최우아,남,1972-02-24,2020-11-24,고양,user4039@example.com
5121,전서서,F,1996-09-21,2021-10-13,고양,user5121@example.com
4528,최수민,F,2001-11-02,2021-03-11,세종 ,user4528@example.com
1283,임현연,M,2000-09-27,2021-01-25,대전,user1283@example.com
4754,김영수,여,1990-05-08,2024-03-15,대전 ,user4754@example.com
3446,황도연,F,1955-04-17,2021-06-30,서울 ,user3446@example.com
1734,정성서,남,1968-11-05,2023-02-28,고양,user1734@example.com
3923,한은연,남,2004-02-17,2020-01-01,대전,user3923@example.com
5878,신아도,남,1970-10-21,2022-12-24,부산,user5878@example.com
3177,임현우,여,2002-06-02,2020-03-23,서울,user3177@example.com
5807,송하진,M,1962-04-23,2021-04-11,서울,user5807@example.com
1326,정우은,M,1965-03-12,2022-10-22,인천,user1326@example.com
3135,신아선,F,1993-10-08,2021-04-16,부산,user3135@example.com
2055,홍우도,M,1972-11-11,2022-08-20, 서울,user2055@example.com
1945,박연연,남,1984-04-20,2024-05-17,서울,user1945@example.com
1149,이준수,M,1991-12-04,2023-06-18,인천,
1012,권태예,M,,2023-09-06,인천,user1012@example.com
1249,김태태,M,1968-12-26,2020-08-31,대구,user1249@example.com
4064,권연태,F,,2023-02-08,서울,user4064@example.com
1624,서재예,F,2006-08-31,2022-10-06,인천,user1624@example.com
2712,송도아,여,2003-01-13,2021-03-08,고양,user2712@example.com
3971,이은하,남,1983-05-30,2023-10-01,세종,user3971@example.com
3430,박영선,M,1982-11-26,2020-07-30, 광주,user3430@example.com
2853,최선수,M,1989-12-13,2023-09-17,대구,user2853@example.com
4257,최은태,여,2001-09-06,2021-11-07, 대구,user4257@example.com
3814,최도예,남,1990-04-11,2020-05-13,서울,user3814@example.com
4935,안아영,F,1968-01-01,2022-09-10,대구,user4935@example.com
1184,임재현,여,1972-03-04,2024-02-02,수원,user1184@example.com
3485,윤선현,남,1955-06-10,2022-09-28,서울,user3485@example.com
4141,장준태,M,1985-12-26,2023-05-07, 서울,user4141@example.com
2010,강현수,여,1962-01-28,2024-02-25,인천,user2010@example.com
2906,강영연,남,2001-05-05,2022-04-18,서울,user2906@example.com
2128,오진하,여,1973-03-11,2022-05-26,인천 ,user2128@example.com
1917,황아우,F,1974-12-01,2022-12-19,대전,
4260,장영하,F,1992-01-31,2021-04-24, 고양,user4260@example.com
1016,한우서,F,1993-12-13,2021-04-11,서울,user1016@example.com
3881,정은지,F,1957-06-15,2023-05-08,부산,user3881@example.com
4459,윤재도,여,1969-11-28,2020-02-17,부산,user4459@example.com
5315,강은진,여,1975-02-09,2023-04-25,광주,user5315@example.com
2189,김예진,M,1994-06-26,2021-01-02,서울,user2189@example.com
4037,최은태,M,1954-11-02,2022-12-30,광주,user4037@example.com
5087,전연성,여,1991-05-19,2024-02-21,대전 ,
4510,홍재아,M,1954-03-08,2023-03-12,세종 ,user4510@example.com
3341,윤연서,M,1973-07-29,2021-02-12,수원,user3341@example.com
2249,홍현은,남,1980-01-31,2022-04-16,서울,user2249@example.com
1673,이아연,M,1958-02-26,2024-06-12,인천,
4159,송선서,M,1954-06-22,2023-06-16,서울,user4159@example.com
5425,송도진,남,1983-05-13,2020-12-20,부산,user5425@example.com
1051,최민예,M,1998-02-25,2023-05-03,고양,user1051@example.com
3587,조영연,남,1957-12-04,2023-10-30,서울,user3587@example.com
5076,홍태서,F,1982-07-15,2020-06-12,부산,user5076@example.com
1861,전수우,남,2002-06-30,2020-05-02,서울,user1861@example.com
4988,장아태,,1975-12-24,2023-12-17,울산,user4988@example.com
5314,황수태,F,1989-02-23,2020-12-27,인천,user5314@example.com
5245,강현은,M,1954-07-09,2024-04-02,수원 ,user5245@example.com
2856,윤도민,여,1985-06-17,2024-06-28,서울,user2856@example.com
1858,신도진,F,1991-05-21,2021-11-29,수원,user1858@example.com
1655,한서재,남,1975-02-12,2023-12-03,대전,user1655@example.com
3427,윤수진,남,1984-03-10,2022-11-09, 서울,user3427@example.com
3388,홍지준,남,1980-04-23,2021-11-07,울산,user3388@example.com
5506,강서성,여,1954-01-27,2024-02-05,광주,user5506@example.com
3189,오은성,M,1956-11-09,2021-10-22, 서울,user3189@example.com
3255,신성하,여,1954-02-07,2023-05-13,대구,user3255@example.com
2308,장재성,,1998-02-23,2023-11-28,서울,user2308@example.com
2854,박예예,여,1957-05-11,2021-09-30,대구,user2854@example.com
4245,안수수,M,2001-09-15,2024-05-24,서울,user4245@example.com
5103,김재경,F,1962-04-27,2023-04-14,인천,user5103@example.com
2945,박연재,,1999-09-07,2021-02-10,울산,user2945@example.com
4714,권은서,남,1967-03-29,2023-09-26,서울,user4714@example.com
5865,오지경,여,1977-09-16,2020-11-19,대전,user5865@example.com
5156,권도영,여,1996-05-06,2022-06-28,부산,user5156@example.com
3885,최성은,남,2001-06-29,2020-10-06,고양 ,
3172,홍수도,남,1998-07-22,2023-11-22,인천,user3172@example.com
1846,최아진,M,1969-12-25,2021-01-12,부산,user1846@example.com
5622,안현도,M,1963-06-05,2023-09-06, 서울,user5622@example.com
3929,신서성,,1959-08-07,2021-04-10,서울,user3929@example.com
2781,조은하,F,1968-07-09,2020-03-23,수원,user2781@example.com
5678,신영아,,2005-05-31,2020-09-01,대구,user5678@example.com
5905,서도은,남,1999-04-27,2023-03-18,광주,user5905@example.com
1253,조영도,여,1981-02-01,2020-02-14, 대구,user1253@example.com
2553,서진영,F,,2021-11-24,부산,user2553@example.com
4762,오아진,여,1971-04-17,2021-05-26,부산 ,user4762@example.com
4997,안민재,F,1976-01-25,2020-04-25,대구,
5056,안연연,여,1984-10-22,2024-01-11, 서울,user5056@example.com
3988,전서아,F,1980-03-26,2020-09-14,대전,user3988@example.com
1436,오우우,M,1981-04-28,2020-09-19,광주,user1436@example.com
1885,권아태,여,1978-03-04,2021-07-03,서울,user1885@example.com
1602,권영영,여,1972-05-07,2022-07-31, 대전,user1602@example.com
3056,권수선,M,1982-06-10,2021-04-01,서울,user3056@example.com
1420,전연태,M,1995-10-14,2020-06-25,수원 ,user1420@
1911,최진재,F,1959-02-22,2023-08-13,부산,user1911@example.com
3036,오성은,남,1975-01-06,2023-03-25, 부산,user3036@
1733,황예민,M,1975-05-11,2020-03-18,고양,user1733@example.com
2496,오준영,여,1997-03-02,2020-01-18,울산,user2496@example.com
1266,장연하,M,1955-04-25,2022-04-25,서울,user1266@example.com
1231,송연성,F,1968-08-28,2020-05-09,울산,user1231@example.com
4273,장선민,F,2005-09-22,2023-03-07,서울,user4273@example.com
2105,최아지,여,1958-09-18,2021-01-24,수원,user2105@example.com
1019,임선재,,1973-09-07,2022-03-20,광주,user1019@example.com
5860,이태성,,2005-09-14,2021-04-21,고양,user5860@example.com
3878,송진하,여,1999-05-24,2021-10-17,광주,user3878@example.com
1178,전영태,F,1980-09-25,2020-07-10, 서울,user1178@example.com
1680,권도재,남,1971-10-12,2024-05-04, 서울,user1680@example.com
3357,정우성,여,1995-02-08,2022-10-18, 인천,user3357@example.com
1864,안진경,남,2000-03-30,2022-12-08,수원,user1864@example.com
2543,오은서,여,1964-10-02,2024-04-24,대전,user2543@example.com
5074,조아선,,1959-04-07,2020-10-27,인천,user5074@example.com
4980,임아준,남,,2023-11-16,서울,user4980@example.com
4529,박영수,F,,2024-05-16,서울,user4529@example.com
5179,임현경,M,1977-05-24,2020-09-18,세종,user5179@example.com
2083,오경영,F,,2024-01-20,서울,user2083@example.com
3115,정도아,,1989-07-03,2024-05-31,광주,user3115@example.com
3834,윤도우,F,1982-10-11,2022-12-29,부산,
1076,조준우,F,1988-01-20,2020-08-03,대구,user1076@example.com
2178,강은재,F,1988-04-25,2020-03-06,대구,user2178@example.com
2918,임재연,M,1994-10-10,2023-02-12, 대구,user2918@example.com
5310,한하하,F,1987-04-10,2022-05-09,서울,user5310@example.com
4593,오도수,남,1976-04-21,2021-10-16,서울,user4593@example.com
2590,권경성,F,2006-08-09,2020-08-23, 인천,user2590@example.com
1545,이현서,F,1956-10-16,2020-03-29,수원,user1545@example.com
1698,이태선,남,2003-08-29,2023-12-16, 서울,user1698@example.com
2250,정경민,F,1962-02-15,2021-11-09,서울,user2250@example.com
3633,오은서,,1988-05-06,2020-05-19,고양,user3633@example.com
3696,박진연,M,1974-08-15,2022-05-27,부산 ,user3696@example.com
1423,오우경,M,1960-05-21,2021-12-25, 부산,user1423@example.com
2635,한진수,F,1957-04-19,2023-05-29,대구,user2635@example.com
4207,안현서,F,1986-11-14,2023-07-14,서울,user4207@example.com
2246,송수은,M,1965-02-23,2022-03-18,서울,user2246@example.com
3112,전태수,M,1999-06-07,2020-08-30,서울,user3112@example.com
3743,전재하,여,1967-05-12,2022-06-10,대전 ,
1316,권성진,M,1980-07-07,2022-04-07,고양,user1316@example.com
4526,박도서,여,1957-11-09,2024-04-17,울산,user4526@example.com
3751,이예현,M,1954-03-13,2022-12-27,울산 ,user3751@example.com
4362,김예수,M,2003-06-02,2021-04-20,인천 ,user4362@example.com
3257,신우서,F,2003-08-12,2024-06-27,서울,user3257@example.com
2379,한수진,여,1972-08-11,2022-12-17,부산,user2379@example.com
1640,신서도,남,1989-05-31,2020-06-30,대전,user1640@example.com
1670,홍민연,F,1957-08-20,2022-10-07, 대구,user1670@
5363,홍아영,F,1997-09-22,2020-09-03,서울,user5363@example.com
3179,임태예,M,1992-05-07,2020-08-05,대구,user3179@example.com
1651,신태연,남,1995-08-10,2023-07-26,광주,user1651@example.com
5284,박도성,여,1984-08-31,2021-03-16,서울,user5284@example.com
3644,임도수,남,1967-07-14,2021-05-26,수원,user3644@example.com
1320,조현은,F,1970-11-15,2022-03-21,고양,user1320@example.com
3184,서민연,남,1989-03-21,2022-05-09,고양,user3184@example.com
2195,서선수,여,2001-12-13,2023-02-10,수원 ,user2195@example.com
1273,홍선연,남,1997-09-13,2023-11-30,부산,user1273@example.com
1960,최현민,남,1968-05-17,2021-07-31,서울,user1960@example.com
4172,장재도,남,,2023-12-07,대구,user4172@example.com
1826,신하연,남,,2020-11-13,서울,user1826@example.com
4086,최태진,F,2003-05-04,2020-07-05,고양,user4086@example.com
3677,송서은,,1998-04-19,2021-03-11,광주 ,user3677@example.com
3791,최하수,여,1965-05-28,2023-12-01,인천 ,user3791@example.com
3491,강수예,여,1985-01-05,2023-12-15, 서울,user3491@example.com
4312,전연수,남,1957-11-02,2023-07-03, 서울,user4312@example.com
1322,서우예,F,1987-05-17,2020-03-27,인천,user1322@example.com
2115,임준예,남,1956-09-13,2022-02-23,서울,user2115@example.com
3346,조준현,여,1995-11-25,2020-09-08, 고양,user3346@example.com
5164,권성준,남,2001-06-26,2023-09-29,고양,user5164@example.com
2150,윤우아,여,1984-09-10,2021-11-10,서울,user2150@example.com
2613,신민지,M,1973-09-23,2021-03-03, 서울,user2613@example.com
2606,박지은,여,1976-04-03,2021-06-13,부산,user2606@example.com
3092,안수연,남,2006-07-03,2022-05-30,울산,user3092@example.com
3604,황수도,F,1976-04-12,2023-11-27,수원,user3604@example.com
5641,김현아,M,1989-05-02,2022-11-18,서울,user5641@example.com
2675,홍성선,,1990-11-16,2021-04-27,부산,user2675@example.com
3202,김지현,남,1957-04-29,2020-07-31, 세종,user3202@example.com
5215,홍선지,F,1983-03-27,2020-07-29,인천,user5215@example.com
5778,박아영,여,1966-03-11,2023-12-07,광주,user5778@example.com
3897,서경진,남,1981-10-28,2020-05-30, 수원,user3897@example.com
1995,서지하,남,1967-11-29,2020-06-11,인천,
2344,최서성,남,1971-05-03,2022-04-02,서울,user2344@example.com
3237,강서준,,1955-05-31,2021-05-11,서울,user3237@example.com
3042,권우하,F,1968-12-09,2021-12-25,인천,user3042@example.com
3461,정현민,F,1995-10-17,2023-03-21,서울,user3461@example.com
1132,이민아,M,1964-06-23,2024-02-21,수원,user1132@example.com
4409,임아성,남,1999-06-06,2022-09-06,대구,user4409@example.com
1137,김우수,남,1998-05-03,2020-01-08,인천,user1137@example.com
4634,홍현하,M,1993-02-06,2022-09-26,수원,user4634@example.com
4941,조도연,M,1987-12-21,2022-05-06,부산,user4941@example.com
1877,권영도,남,1974-12-04,2021-03-01,서울,user1877@example.com
1726,권성준,여,1961-09-11,2022-05-17,고양,user1726@example.com
3850,최예수,남,1996-02-26,2024-02-17,부산,user3850@example.com
1425,최영지,F,1985-09-04,2023-03-10,대전 ,user1425@example.com
3055,윤민은,,1967-04-10,2021-10-15,대구,user3055@example.com
4059,강성은,남,,2022-12-26,수원,user4059.com
2343,오재은,F,,2021-06-17,서울,user2343@example.com
4500,이진경,M,2001-09-27,2023-08-08,부산,user4500@example.com
3691,서연연,F,1964-08-06,2021-03-24,고양 ,user3691@example.com
2142,전현준,남,1998-08-26,2023-03-13,인천,user2142@example.com
2299,김현도,F,1981-07-23,2021-03-13, 인천,user2299@example.com
3072,장수진,M,1967-09-09,2022-09-29,울산,user3072@example.com
4568,황경도,M,,2022-02-13,부산,user4568@example.com
3963,이태예,M,1983-01-09,2020-12-21,서울,user3963@example.com
1975,정지우,F,1997-02-04,2024-03-14,울산,user1975@example.com
1833,박태예,F,1990-10-08,2022-05-09,대전,user1833@example.com
2890,최준영,F,1985-04-03,2020-07-19, 부산,user2890@example.com
5184,이우예,남,2003-01-31,2021-08-24,수원,user5184@example.com
1742,서아연,F,2006-08-11,2020-01-22, 수원,user1742@example.com
4835,권성민,F,1972-10-08,2023-01-24,서울,user4835@example.com
3173,황성경,여,2004-07-10,2023-06-28,부산,user3173@example.com
4536,김도성,M,1975-07-10,2020-01-31,수원,user4536@example.com
4716,조아영,M,1983-07-29,2023-02-17,수원,user4716@example.com
4083,정준영,남,1992-04-05,2024-03-15,부산,user4083@example.com
1693,전영태,남,1954-08-13,2023-11-23,수원,user1693@example.com
2850,이아지,M,1985-07-22,2022-11-24,인천,user2850@example.com
4512,박영예,여,1977-09-10,2020-11-22,부산,user4512@example.com
2368,홍도아,F,1972-07-08,2023-04-12,인천,user2368@example.com
3458,임성태,남,1990-08-15,2020-07-16,울산 ,user3458@example.com
1337,조아서,M,1998-05-08,2024-04-07,서울,user1337@example.com
4292,정성연,F,1986-07-13,2023-07-09,서울,user4292@example.com
5831,박우서,,1993-02-05,2022-04-18,고양,user5831@example.com
3705,강은성,여,1958-04-18,2022-08-29,인천,user3705@example.com
2556,송경예,F,1991-12-18,2021-06-10,세종,user2556@example.com
4797,이현우,남,1959-09-01,2022-12-05,고양,user4797@example.com
2059,조서태,F,1965-09-29,2022-07-01, 부산,user2059@example.com
5904,최영현,여,1986-02-23,2022-12-27,대전,user5904@example.com
3893,전아연,여,,2023-04-10,세종,user3893@example.com
1192,서영진,,1998-02-01,2023-04-04,대전,user1192@example.com
2950,전민도,,1975-02-22,2020-01-20,부산,user2950@example.com
4102,김예서,F,1962-06-20,2022-09-18,부산,user4102@example.com
2886,신재성,F,1969-02-06,2020-04-11, 울산,user2886@example.com
3900,한은아,M,1974-07-14,2021-09-16,서울 ,user3900@example.com
3958,한지경,,2003-01-05,2023-01-25,서울,user3958@example.com
2816,정영예,M,1978-10-03,2021-08-02,인천,user2816@example.com
5429,전재경,남,1958-08-28,2022-05-02,서울,
1878,한지준,남,1988-01-06,2020-06-16,수원 ,user1878.com
5238,황예민,M,1969-03-24,2020-10-13,광주,user5238@example.com
4730,권아하,남,2006-11-02,2021-01-20,수원,user4730@example.com
2432,최수경,여,1992-05-18,2022-01-15,인천,user2432@example.com
1059,신준경,M,1995-04-15,2022-10-31,수원,user1059@example.com
3504,이수은,F,1970-12-01,2022-06-21,대전,user3504@example.com
5318,송재예,남,1993-09-13,2020-10-03,부산,
4305,강도준,F,2001-08-21,2023-01-25,대구 ,user4305@example.com
1611,임지아,M,1957-12-10,2020-02-28,수원,user1611@example.com
2391,한태우,F,1955-08-22,2023-03-01,부산,user2391@example.com
4780,이진재,,1996-06-22,2023-07-20,서울 ,user4780@example.com
1117,박민재,여,1982-04-03,2020-03-24,고양,user1117@example.com
3744,최수재,,1985-03-14,2021-04-18, 부산,user3744@example.com
1891,권태예,F,,2021-12-05,인천,user1891@example.com
2614,이민재,남,1994-04-25,2022-09-06,대구,user2614@example.com
4442,임경우,남,1980-10-11,2022-04-29,대구,user4442@
4385,정예우,남,1984-10-22,2023-04-24,대전,user4385@example.com
2086,안진선,여,1991-10-03,2022-04-19,서울 ,user2086@example.com
4888,박영우,,2004-11-03,2020-03-04,대전,user4888@example.com
5718,장현현,,2002-11-28,2021-03-23,대구,user5718@example.com
3044,강재재,남,1957-12-15,2022-04-20,대구,user3044@example.com
3382,전은연,M,,2021-12-19,대구,user3382@example.com
3412,전민성,M,1959-11-29,2022-10-12,수원,user3412@example.com
4121,홍하연,F,1978-05-14,2022-10-09,부산,user4121@example.com
4872,송수아,여,1968-10-17,2020-01-14,인천 ,user4872@example.com
1350,한서진,남,1999-05-24,2023-08-31,서울,user1350@example.com
4602,최성예,F,1986-12-11,2022-02-13, 광주,user4602@example.com
4895,전수민,M,1996-07-16,2021-06-14,대전 ,user4895@example.com
3772,정선준,F,1992-01-24,2020-11-03,부산,user3772@example.com
5341,장태하,F,,2022-10-04,부산,user5341@example.com
4258,오은민,F,2003-07-08,2021-05-08,서울,user4258@example.com
3537,임성현,M,1996-06-20,2023-01-09, 대전,user3537@example.com
1353,장예예,남,1972-01-04,2021-12-23,울산,user1353@example.com
5947,한영도,M,1980-08-11,2024-01-05,고양,user5947@example.com
3864,이도하,남,1998-03-13,2020-02-06,수원,user3864.com
2194,한서재,F,1963-06-14,2023-07-26,서울,user2194@example.com
4718,신민아,남,1967-07-07,2020-05-30, 서울,
2856,윤도민,여,1985-06-17,2024-06-28,서울,user2856@example.com
3144,윤태재,F,1975-06-12,2023-12-29,수원,user3144@example.com
5297,황아우,여,1991-10-05,2022-10-23,서울 ,user5297@example.com
5369,한현은,여,1991-01-31,2021-01-24,대전,user5369@example.com
3977,송준아,F,1968-04-27,2020-12-16,고양,user3977@example.com
2874,장성도,남,1999-08-21,2020-07-13,대전 ,user2874@example.com
5410,박재지,F,1982-03-04,2022-12-08,세종,user5410@example.com
1311,신서도,F,1976-10-27,2020-10-25,고양,user1311@example.com
3183,서아민,여,2005-09-30,2020-05-27,서울,user3183@example.com
2768,이현수,M,1959-02-22,2024-03-03,고양,user2768@example.com
1302,김재선,M,1997-04-23,2022-01-04,대구,user1302@example.com
1560,한예태,남,1999-08-07,2022-09-28,울산,user1560@example.com
3619,전성우,,1954-06-23,2020-11-13,부산,user3619@example.com
3224,장지준,M,1981-05-12,2021-10-16,부산,user3224@example.com
3447,서민예,여,1976-07-13,2020-06-21,광주,user3447@example.com
5002,김하재,남,,2022-04-20,서울 ,user5002@example.com
5141,송준태,M,1976-03-26,2020-06-08,광주,user5141@example.com
1355,홍선우,F,1954-07-29,2024-02-01,수원,user1355@example.com
3942,황은수,남,,2023-08-19,대구,user3942@example.com
4627,정태영,여,1964-04-16,2021-01-02,서울 ,user4627@example.com
5440,조하현,F,1954-09-14,2022-12-11,인천,user5440@
2928,최진수,여,1980-12-08,2022-06-17,서울,user2928@example.com
5368,전도민,M,1999-06-21,2023-12-30, 대구,user5368@example.com
2627,오서경,F,,2023-09-19,부산,user2627@example.com
2560,강준현,여,1968-01-01,2023-09-25, 서울,user2560@example.com
1129,서성현,F,1977-10-19,2020-02-27,서울,user1129@example.com
4262,권태경,여,1994-07-15,2022-03-12,서울,user4262@example.com
5105,임영진,F,1999-01-02,2020-02-03,서울,user5105.com
4051,최재민,M,1991-11-28,2023-04-22,부산,user4051@example.com
1916,한재연,,1974-04-28,2020-11-20,광주,user1916@example.com
3168,전예경,F,1954-01-08,2024-02-25,광주,user3168@example.com
5098,황예성,M,2004-01-13,2023-01-18,수원,user5098@example.com
5609,장영성,M,1996-05-09,2021-01-22,고양,user5609@example.com
1144,홍예성,여,1967-03-09,2023-06-07,부산 ,user1144@example.com
3024,이은태,M,,2023-02-18,대구 ,user3024@example.com
3066,권수수,F,,2023-12-01,광주,user3066@example.com
3303,송아현,여,1960-02-14,2021-02-16,부산,user3303@example.com
1585,전영은,여,1966-08-27,2020-05-03,서울 ,user1585@example.com
1006,이현아,여,1958-06-02,2022-07-22,부산,user1006@example.com
5328,김태연,F,1968-08-17,2020-06-12,서울,user5328@example.com
1997,윤경성,여,1954-01-24,2022-04-30,대구,user1997@example.com
5582,최성지,여,1998-08-16,2023-04-25,서울,user5582@example.com
2186,박지예,여,1989-10-09,2022-04-15,울산,user2186@example.com
1056,한도연,F,1971-05-04,2023-09-22,서울,user1056@example.com
5787,김예서,,1980-06-07,2021-03-01,인천,user5787@example.com
5057,한도연,M,1955-04-09,2023-08-06,인천,user5057@example.com
2453,정경현,,1955-04-24,2023-02-11,인천,user2453@example.com
3253,한지수,,2001-12-31,2020-09-24,서울,user3253@example.com
5350,서우태,남,1971-11-07,2021-11-12,수원,user5350@example.com
2049,박서영,,1975-02-26,2021-05-05,인천,user2049@example.com
1983,서은선,여,1997-08-17,2023-03-28,수원,user1983@example.com
3932,최경서,F,,2020-11-03,고양,user3932@example.com
1412,강진예,F,1978-03-31,2022-12-23,서울,
5646,권영아,남,2005-12-18,2022-09-12,울산,user5646@example.com
3698,박성예,,1981-09-21,2022-09-20,광주,user3698@example.com
2064,황성하,여,1968-06-08,2022-07-05,서울,user2064@example.com
1645,조하선,M,,2020-07-07,서울,user1645@example.com
5540,오우준,남,1962-08-05,2024-02-10,수원,user5540@example.com
3354,조경태,여,1995-11-20,2022-01-04,서울,user3354@example.com
4300,서수진,,1964-06-06,2020-10-20,수원,user4300@example.com
1677,이민은,여,1999-03-19,2024-05-11,부산,user1677@example.com
5033,강아성,F,1958-09-01,2023-08-30,서울 ,user5033@example.com
4326,최연현,M,1999-05-07,2022-10-09,인천,user4326@example.com
4471,권영하,남,2005-01-04,2020-09-21,부산,user4471@example.com
4638,이성준,남,1964-02-14,2022-08-05,인천,user4638@example.com
5065,조현준,남,2001-05-28,2022-02-27,대구,user5065@example.com
1134,황성연,F,1998-06-19,2020-12-24,대구 ,user1134@example.com
2091,장하준,여,1970-07-08,2021-04-24,인천,user2091@example.com
5603,황예성,M,1973-10-17,2023-07-29,수원,user5603@example.com
3422,박진민,남,1994-05-01,2020-09-24,부산,user3422@example.com
2813,임아진,,1966-01-04,2020-08-20,인천,user2813@example.com
2905,정아지,여,1969-10-03,2021-07-04,서울,user2905@example.com
3579,오서진,M,2000-12-14,2020-02-16,수원,user3579@example.com
3917,전민수,M,1978-06-24,2021-11-09,수원 ,
4237,홍현수,F,,2020-07-13,서울,user4237@example.com
4058,윤은예,F,,2020-07-12,수원,user4058@example.com
2706,홍아재,여,1993-11-22,2021-02-06,서울,user2706@example.com
2574,박준태,여,1976-03-14,2023-12-10,대구 ,user2574@
2443,장진아,남,1954-06-27,2021-01-14,고양,user2443@example.com
1269,오하경,남,1978-11-18,2023-05-09,서울,user1269@example.com
4001,신우준,M,1954-05-16,2022-03-24,광주,user4001@example.com
5541,서민우,여,1990-06-01,2022-12-31,고양,user5541@example.com
5605,임서아,M,1970-03-19,2023-08-07,서울,
5719,최은하,M,1975-06-02,2024-05-30,인천,user5719@example.com
1173,권영아,남,2000-01-03,2023-08-06,광주,user1173@example.com
3297,임선수,M,1980-02-05,2022-03-10,서울,user3297@example.com
5066,송하하,M,1958-11-23,2023-03-07,서울,user5066@example.com
5667,박예지,남,1976-01-23,2020-06-15,부산,user5667@example.com
2237,박태현,F,,2021-10-03,서울,user2237@example.com
1927,조우현,F,1954-04-27,2021-03-03,서울,user1927@example.com
3468,김아영,F,,2023-03-22,서울 ,user3468@example.com
4725,홍민은,M,1996-03-03,2020-12-08,세종,user4725@example.com
1154,장지예,남,1984-02-08,2020-09-12,세종,user1154@example.com
3662,박도영,여,1963-01-24,2021-02-02,수원,user3662@example.com
2364,오아태,,1955-10-13,2024-04-30,부산,user2364@example.com
2552,한성연,여,2004-09-08,2024-01-21, 광주,user2552@example.com
4291,임태은,F,1959-07-22,2022-06-23,인천,
4907,홍우은,남,1958-05-10,2021-09-11,세종,user4907@example.com
1800,김아도,남,1985-12-11,2021-10-25, 울산,user1800@example.com
3226,송재경,F,1989-02-25,2024-04-03,인천,user3226@example.com
3603,오재우,F,1978-06-11,2021-02-17,울산,user3603@example.com
3634,이민현,여,1972-04-08,2021-04-23, 대전,user3634@example.com
5856,안아예,F,1958-09-27,2022-05-26,대전,user5856@example.com
2512,권우선,M,1959-05-09,2023-04-17, 수원,user2512@example.com
1398,강은연,남,2005-10-01,2020-07-12,고양,user1398@example.com
3417,강도민,M,1968-01-21,2020-07-16,울산,user3417@example.com
4792,강아수,M,1965-03-05,2023-11-23,광주,user4792@example.com
2271,박은태,M,1982-06-30,2021-02-18,서울,user2271@example.com
5401,박지진,M,1982-12-10,2022-05-01,부산,user5401@example.com
4009,안영영,남,1974-10-16,2022-09-01,인천,user4009@example.com
4449,임지영,여,1977-07-21,2024-04-03,부산,user4449@example.com
4779,장재아,남,1985-06-11,2020-10-09,부산 ,user4779@example.com
2448,권진우,F,1958-03-08,2022-06-26,대구,user2448@example.com
5107,안우성,M,1978-10-08,2022-07-06,고양,user5107@example.com
3252,정준재,F,,2024-06-21,수원,user3252@example.com
5530,김진아,여,1998-12-28,2021-10-07, 부산,user5530@example.com
5529,오수선,여,1993-09-29,2021-03-06,광주,user5529@example.com
3401,오아선,F,1964-06-11,2023-04-03,부산,user3401@example.com
5392,김예지,M,1977-10-25,2020-04-10,인천,user5392@
4122,임영민,남,1965-05-10,2021-01-08,울산,user4122@example.com
1626,조진아,F,1959-03-22,2021-11-14, 서울,user1626@example.com
1892,한진은,여,1986-07-16,2023-08-21,광주,user1892@example.com
2753,윤지영,F,2004-05-31,2022-05-31,인천,user2753@example.com
4174,홍연경,F,1959-02-21,2022-04-18,세종 ,user4174@example.com
5132,권현성,여,2004-06-11,2023-04-18,고양,user5132@example.com
5086,강수준,F,2005-12-12,2023-10-26,서울,
4901,홍하하,여,1983-01-23,2021-10-07,대구,user4901@example.com
1032,이현민,여,1999-02-20,2021-09-18,서울,user1032@example.com
5505,윤준민,,1981-05-26,2022-07-01,인천,
5707,한연도,남,,2023-11-24, 고양,user5707@example.com
2112,최하민,여,2005-10-28,2020-02-24,부산 ,user2112@example.com
5303,김선준,F,1963-06-30,2023-09-07,고양,user5303@example.com
5111,임연도,M,1958-01-09,2022-02-12, 서울,user5111@example.com
3192,강태선,남,1967-03-12,2022-09-01,서울,user3192@example.com
5346,김연진,F,2002-09-09,2022-10-20,수원,user5346@example.com
5229,김아하,M,1960-07-04,2023-11-17, 서울,user5229@example.com
1331,윤재경,남,1956-07-24,2022-04-18,수원 ,user1331@example.com
2380,홍서현,F,1984-10-10,2021-12-31,부산 ,user2380@example.com
5059,오지재,남,1958-02-13,2020-09-12, 광주,user5059@example.com
4628,안경영,남,1985-04-14,2024-04-28, 울산,user4628@example.com
1081,장선민,여,1966-10-15,2022-01-10,인천,user1081@example.com
4505,송현태,남,1985-06-07,2022-05-31,서울 ,
3542,홍우경,여,1965-03-30,2021-12-28, 서울,user3542@example.com
2050,한수서,남,1955-01-14,2022-07-31,인천,user2050@example.com
5549,송지영,M,2002-11-22,2021-03-30,대구,
5494,조재예,M,1958-09-12,2023-07-11, 부산,user5494@example.com
2214,이우진,M,2005-02-10,2020-04-12,서울,user2214@example.com
2139,한재진,남,1989-01-25,2022-11-01,서울,user2139@example.com
1574,김수하,F,1963-08-24,2022-04-19,서울,
5913,서수태,여,1997-02-27,2021-01-03,인천,user5913@example.com
5416,임은도,F,1954-06-20,2022-12-22,서울 ,
2584,서태아,남,1958-11-25,2024-06-27,부산,user2584@example.com
5700,송준우,F,1961-09-07,2022-01-31,부산,user5700@example.com
4325,황아성,M,1970-11-20,2020-09-21,고양 ,user4325@example.com
2108,전수은,여,1997-01-30,2021-12-05,인천,user2108@example.com
1039,서아수,F,1969-01-22,2023-09-06,광주,user1039@example.com
5051,윤민민,남,1989-03-26,2020-10-02,울산,user5051@example.com
2174,김지우,남,1988-10-30,2022-12-07,대구,user2174@example.com
2069,김연아,여,1979-06-07,2020-12-22,서울,user2069@example.com
4470,정연은,여,1975-03-10,2023-08-11,수원,user4470@example.com
2815,박경성,남,1971-06-06,2023-09-28,서울,user2815@example.com
1856,정예현,F,1961-10-06,2022-02-26,부산,user1856@example.com
4708,임우민,F,1967-12-14,2022-11-08,서울 ,user4708@example.com
5814,권연준,여,1990-10-08,2022-06-08,서울,user5814@example.com
3795,전지재,여,1991-02-09,2023-09-09,세종,user3795@example.com
3164,홍성준,M,2005-04-29,2020-05-24,부산,user3164@example.com
4254,정예경,남,1960-01-30,2022-12-08,서울,
3967,정지경,F,1968-12-19,2023-02-10,울산,user3967@example.com
1652,정민경,남,1967-03-06,2022-09-14,서울,user1652@example.com
1567,정영예,M,1974-06-23,2022-05-19,부산,user1567@
1902,정준준,F,1980-07-19,2021-09-29,고양,user1902@example.com
1289,임경태,남,1959-04-26,2022-02-03,인천 ,
2998,강하연,남,1998-03-14,2022-07-30,수원,
4220,신아지,남,2004-10-19,2020-12-01,고양,user4220@example.com
2264,정재진,,1973-07-18,2022-08-28,서울,user2264@example.com
2735,황현우,M,1977-12-24,2020-04-09,광주,user2735@example.com
2398,김도준,F,,2023-04-24,서울,user2398@example.com
1022,최선재,남,1967-11-04,2022-07-28,대구,user1022@example.com
4925,오우영,남,2002-07-08,2020-06-30,세종,user4925@example.com
4696,조영지,여,,2021-03-03,부산 ,user4696@example.com
1690,홍연태,여,1976-06-29,2024-03-06,울산,user1690@example.com
5227,서수서,여,1955-07-24,2022-11-05,고양,
3548,임진진,남,2003-12-28,2021-02-08,수원,user3548@example.com
2927,박민준,M,2001-09-26,2022-05-06,서울,user2927@example.com
3128,이우성,M,1983-12-14,2023-04-02,대전,user3128@example.com
2599,권재태,여,1962-08-09,2020-12-17,수원 ,user2599@example.com
5088,홍태연,남,1961-04-25,2023-05-27, 서울,user5088@example.com
5852,박수서,F,,2024-01-22,광주,user5852@example.com
1252,최선하,,1992-09-26,2020-05-22,서울,user1252@example.com
2840,장아수,여,1978-03-25,2020-08-28,인천 ,user2840@example.com
2514,정지예,여,1991-01-31,2024-05-02,고양,user2514@example.com
1749,최하지,M,1962-10-27,2024-02-20,대구,user1749@example.com
1965,오민영,여,2000-07-22,2022-04-25,서울 ,user1965@example.com
1067,윤성현,여,2003-05-03,2020-11-19, 수원,user1067@example.com
4114,윤연준,,2002-12-04,2022-12-21,서울,user4114@example.com
3851,윤지우,여,1970-03-22,2023-06-14, 광주,user3851@example.com
2622,전민우,남,1954-09-02,2022-06-01,고양,user2622@example.com
3194,신우진,F,1968-03-15,2021-12-13,인천,user3194@example.com
3234,오우연,,1993-12-10,2024-01-23, 수원,user3234@example.com
4908,최준서,남,2005-12-05,2023-02-07, 서울,
2579,서은하,M,,2020-09-23, 서울,user2579@example.com
2888,이서성,여,,2021-01-25,대구,user2888@example.com
3436,서연태,여,1979-01-03,2024-03-28,울산,user3436@example.com
1671,서민지,M,1987-10-15,2023-07-31,고양,user1671@example.com
2707,전성진,남,1968-10-08,2024-03-05, 부산,user2707@example.com
3152,송수연,F,1971-08-04,2022-11-15,광주,user3152@example.com
2777,최진도,M,1987-01-14,2022-07-21, 서울,user2777@example.com
4898,조하성,F,1971-12-01,2023-07-13,인천,user4898@example.com
2356,조선서,남,1995-03-26,2020-03-12,수원,user2356@example.com
5201,권현태,남,1964-06-05,2021-10-22,서울,user5201@example.com
5463,신서예,여,1995-04-07,2023-06-07,부산,user5463@example.com
4151,정경태,여,1954-06-13,2022-10-06,서울,user4151@
4782,박하성,F,2000-07-25,2024-05-03,인천,user4782@example.com
3525,조재하,M,1954-11-03,2020-07-19,부산,user3525@example.com
2515,전성선,M,1960-11-30,2021-04-24,서울 ,user2515@example.com
4937,임경준,F,1959-11-21,2022-09-22, 수원,user4937@example.com
2511,정예예,M,2005-02-11,2023-02-22,고양 ,user2511@example.com
3342,한준성,F,1978-12-09,2020-09-19,대구,user3342@example.com
3156,장지진,남,1961-05-16,2020-12-25,인천,user3156@example.com
2782,김진경,M,1957-07-13,2023-05-27,광주,user2782@example.com
3397,강은경,여,2003-02-28,2021-12-09,서울,user3397@example.com
4242,송우민,남,1961-04-22,2021-05-19,서울,user4242@example.com
1595,안아우,남,1961-05-10,2024-04-26,부산,
5195,임현은,F,1974-12-23,2024-06-14,세종,user5195@example.com
3559,오도예,F,1987-01-09,2020-10-15,부산,user3559@example.com
1577,한은예,남,1960-03-17,2021-11-13,부산 ,user1577@example.com
1453,김성현,F,1964-08-07,2022-05-09,수원,user1453@example.com
4736,윤서지,F,1975-10-15,2021-11-03,부산,user4736@example.com
4270,최은재,남,1967-09-20,2021-06-12,부산,user4270@
2710,조서은,여,1980-04-10,2022-01-03,울산,user2710@example.com
3292,정우예,M,,2023-04-27,서울,user3292@example.com
1627,윤경아,F,1973-03-03,2020-11-25,부산,user1627@example.com
2713,권준재,남,1993-09-30,2021-12-19,수원,user2713@example.com
3839,홍경재,남,1991-09-26,2022-06-17,인천,user3839@example.com
4938,권진재,M,,2023-08-14,대구,user4938@example.com
2241,황민지,남,1971-10-16,2020-01-15,울산,user2241@example.com
4480,황서진,M,1956-09-23,2021-09-22,인천,user4480@example.com
2973,조연우,F,1990-07-18,2021-11-07,고양,user2973@example.com
3433,조수수,F,1970-11-17,2022-06-25,광주,user3433@example.com
1771,홍예연,F,,2020-11-25, 부산,user1771@example.com
1610,안도진,F,1969-10-22,2020-08-24,부산,user1610@example.com
1949,강아경,F,,2021-08-03,수원,user1949@example.com
1088,황태영,여,1987-03-05,2023-10-19,인천,
2757,서은성,M,2000-01-10,2020-01-07,서울 ,user2757@example.com
2688,전연아,남,2003-12-26,2020-06-14,서울,
1332,조선현,남,2002-11-26,2020-07-19, 고양,user1332@example.com
2375,홍지재,M,,2023-01-11,서울,user2375@example.com
2807,임도준,F,2003-04-05,2022-05-17,수원,
5732,황예선,여,1974-03-11,2023-08-01,인천,user5732@example.com
5290,이준민,여,2000-02-16,2020-02-03,고양,user5290@example.com
5282,최진재,남,1958-05-07,2020-04-27,광주,user5282@example.com
1503,송연현,M,1992-12-27,2020-05-20,인천 ,user1503@example.com
2402,강지지,F,1981-12-31,2022-11-08,대구,user2402@example.com
3679,윤예아,F,1999-07-10,2022-01-04, 부산,user3679@example.com
5648,강진선,M,,2021-07-15, 고양,user5648@example.com
1684,최연성,F,1987-08-20,2020-09-10,인천 ,user1684@example.com
2054,이도서,F,1996-11-13,2022-11-10,고양,user2054@example.com
2399,강영현,F,2002-07-16,2020-09-16,광주,user2399@example.com
5325,윤영영,여,1958-11-19,2020-06-09,수원 ,user5325@example.com
1516,송민현,M,1994-01-13,2024-03-21, 세종,user1516@example.com
1182,임도우,남,,2020-09-27,서울,user1182@example.com
5666,조도연,M,1989-09-28,2020-11-26,광주 ,
2335,홍태선,여,1964-07-20,2023-04-18,부산,user2335@example.com
4822,한성선,남,1954-11-18,2022-02-05,인천 ,user4822@example.com
4651,이도하,M,1970-10-24,2022-07-24,부산,user4651@example.com
4226,오현성,남,1959-05-01,2021-04-25,서울,user4226@example.com
3846,송아은,F,,2022-06-07,부산,user3846@example.com
3583,신성현,M,1954-04-09,2022-07-31,울산 ,user3583@example.com
4911,홍은선,남,,2020-01-12,수원 ,user4911@example.com
3689,홍선지,,1993-10-10,2022-11-05,대구,user3689@example.com
5067,장연연,남,2001-09-22,2021-11-04,부산,user5067@example.com
3034,홍태지,F,,2022-05-20, 수원,user3034.com
2419,임서재,여,2002-12-26,2022-05-10,부산,user2419@example.com
5082,황수서,M,1992-01-26,2022-04-26,대구,
3811,강재도,,,2022-09-21,부산,user3811.com
5340,이진연,남,1997-05-24,2021-05-26,대구,user5340@example.com
4687,전아진,M,1974-09-21,2022-10-27,광주,user4687@example.com
4971,전예재,여,1993-09-17,2021-10-20,세종 ,user4971@example.com
3032,이태서,,1977-10-29,2022-01-14,대전,user3032@example.com
4515,홍재성,여,1993-05-28,2023-02-24,인천,user4515@example.com
1620,장연태,남,1976-08-23,2021-10-09,서울,user1620@example.com
3944,안재영,여,1960-03-25,2024-04-26,서울,user3944@example.com
3673,최지성,M,1965-02-17,2020-09-27, 광주,user3673@example.com
3728,오예지,남,1955-09-22,2020-06-01,수원,user3728@example.com
5888,조지아,M,1972-08-24,2024-01-19,서울,user5888@example.com
2597,권재태,여,1975-02-18,2022-04-27,서울,user2597@example.com
3247,최태현,F,1974-12-01,2022-11-27,광주,user3247@example.com
2388,송선준,여,1992-07-06,2020-07-19,인천,user2388@example.com
1212,황준서,여,1972-02-24,2024-04-03,서울,user1212@example.com
3250,한영지,남,1988-05-10,2022-03-01,대전,user3250@example.com
3404,윤경현,여,1958-07-23,2024-01-18,부산,
2001,권선민,여,1973-12-19,2021-05-17, 서울,user2001@example.com
1179,한수연,F,1990-04-01,2020-11-10,서울,user1179@example.com
4303,강성지,F,1995-11-16,2023-02-06, 부산,user4303@example.com
2976,전하수,F,1984-04-16,2020-04-21,서울,user2976@example.com
4295,황아준,M,1980-10-05,2024-01-06,인천,user4295@example.com
3829,박준아,여,1985-09-05,2022-03-08,울산,user3829@example.com
3459,이서예,M,2004-11-26,2020-01-10, 대구,
3453,임우재,남,1983-12-11,2022-11-14,광주,user3453@example.com
1943,임은도,M,1977-06-08,2020-04-20, 서울,user1943@example.com
2894,박준지,M,1969-04-30,2020-10-23,대구,
2289,서준진,M,1963-06-08,2021-02-07,수원,user2289@example.com
2562,정서진,여,1986-07-03,2022-08-18,서울,
3325,안우준,F,1972-08-28,2024-02-09,인천,user3325@example.com
3891,오우연,남,1982-05-10,2020-07-01, 수원,user3891@example.com
4598,강서지,여,1998-01-12,2020-05-25,서울,user4598@example.com
3125,강진민,여,1957-08-13,2022-09-04,서울,user3125@example.com
4129,황선지,여,1954-06-18,2021-10-10,인천,user4129@example.com
3160,안민예,F,1974-01-11,2022-02-08,인천,user3160@example.com
3680,박은성,M,,2021-04-29,고양,user3680@example.com
4972,박영민,F,1975-10-02,2020-10-02,서울,user4972@example.com
4131,임예도,M,1994-09-28,2020-01-08,서울,user4131@example.com
3755,송하진,F,1999-04-24,2023-07-21, 인천,user3755@example.com
2755,조민우,M,1975-10-19,2021-05-06,서울,
1220,박수진,M,1966-07-16,2021-08-06, 수원,user1220@example.com
4400,안지재,F,1986-06-05,2023-03-11, 인천,user4400@example.com
5236,전민하,남,2002-07-16,2021-05-26,대구 ,user5236@example.com
4545,서민예,여,1957-10-09,2020-09-04,광주,user4545@example.com
2963,안경우,남,1973-10-17,2021-06-19,대구,user2963@example.com
2731,전은연,M,1992-12-29,2021-10-09,서울 ,user2731@example.com
3444,오진진,,2005-07-17,2022-10-22,서울,user3444@example.com
4119,송지진,남,1982-09-15,2021-03-26,울산 ,user4119@example.com
5692,홍예수,여,1985-10-18,2023-11-20,수원,user5692@example.com
3767,홍재도,남,1979-09-27,2022-01-10,광주 ,user3767@example.com
4287,정은선,M,1967-07-11,2022-01-30,서울,user4287@example.com
1072,임영수,F,,2021-07-17,부산,user1072@example.com
1371,신선성,M,1987-07-20,2024-06-06,부산,user1371@example.com
2321,강연민,여,1971-06-09,2024-03-11,수원,user2321@example.com
3989,장지우,M,2002-06-27,2023-01-02,수원 ,user3989@example.com
3363,박현수,남,1978-02-17,2024-06-09, 대전,user3363@example.com
3503,박태도,여,2000-12-23,2020-10-19, 부산,user3503@example.com
4144,황은하,,2003-05-04,2020-07-21,광주,user4144@example.com
4267,신경현,남,1974-12-03,2020-05-16,서울,user4267.com
3986,권현선,남,1955-04-11,2023-10-06,수원,user3986@example.com
2750,전아도,,1981-04-10,2023-11-16,대구,user2750@example.com
2480,최아준,M,2005-05-09,2022-04-01,서울,user2480@example.com
5736,이영민,F,1998-09-05,2020-11-29,서울 ,user5736@example.com
5208,정진민,M,,2022-12-14,세종 ,user5208@example.com
5754,정서하,남,1974-11-27,2020-02-18,부산 ,
2988,정연아,F,1982-08-08,2023-08-27,수원,user2988@example.com
3832,조선수,M,1977-08-25,2022-06-23,대구,user3832@example.com
4509,조준도,M,1977-08-23,2020-09-01,부산,user4509@example.com
1886,이아민,남,1990-04-04,2020-01-20,수원,user1886@example.com
5169,신재현,M,1960-04-17,2022-08-22,부산,user5169@example.com
3314,정성민,F,1981-11-16,2023-07-22,인천,user3314@example.com
5457,김하경,여,2006-06-25,2024-02-27,대구,
5088,홍태연,남,1961-04-25,2023-05-27, 서울,user5088@example.com
3501,이연성,F,1977-03-30,2023-11-12,인천,user3501.com
1589,안태도,남,1973-02-13,2022-05-23,대전,user1589@example.com
1880,이은우,남,,2021-11-17,고양,user1880@example.com
1483,황성영,F,1987-09-25,2021-04-05,광주,user1483@example.com
4167,강하서,여,1991-12-10,2021-02-10,서울,
3697,장민준,남,1981-08-11,2023-07-03,세종,user3697@example.com
2319,윤재재,여,1980-12-12,2021-12-27,수원,user2319@example.com
4415,장영태,F,1978-07-14,2022-07-27,수원,user4415@example.com
5871,홍지연,여,1997-11-09,2023-07-20,인천,user5871@example.com
2190,장은진,F,,2021-03-21,인천,user2190@example.com
4299,안태하,여,1973-06-06,2022-07-31,고양 ,user4299@example.com
2785,정수준,여,1990-02-17,2020-08-31,서울,user2785@example.com
4498,박선진,M,1961-02-24,2021-04-07,부산,user4498@example.com
5710,강현선,여,1958-03-19,2020-06-25,서울,user5710@example.com
2283,안현연,M,2002-09-04,2021-05-11,서울,user2283@example.com
5867,조영서,,1981-11-26,2020-05-24,세종,user5867@example.com
5747,강지경,M,1983-05-02,2023-10-09,수원,user5747@example.com
2422,오경성,여,1954-11-22,2021-06-27,수원,user2422@example.com
4425,홍지지,M,1965-03-07,2021-09-20,서울,user4425@example.com
3515,안진준,F,1977-03-15,2022-12-15,부산 ,user3515@example.com
1504,강은선,여,,2021-03-23, 부산,user1504@example.com
2773,윤은아,,1974-07-08,2023-10-01,고양,
1405,한선도,여,1979-05-27,2022-01-20,대구,user1405@example.com
3790,전지아,여,1986-08-07,2021-07-11,인천,user3790@example.com
1297,장경선,남,,2020-08-30,서울,user1297@example.com
3866,조성예,F,1983-11-16,2020-04-21,수원,user3866@example.com
1961,장은하,여,1983-11-28,2020-02-26,광주,user1961@example.com
4913,오경재,여,1975-06-17,2023-02-07,광주,user4913@example.com
4104,권영준,,1963-03-16,2020-06-07,부산,user4104@example.com
2692,신태영,F,1964-10-23,2023-11-03, 광주,user2692@example.com
2530,이영예,M,1990-07-12,2021-07-05,인천,user2530@example.com
4648,홍준서,M,1961-08-26,2022-12-16,세종,user4648@example.com
4401,전진영,여,1960-07-15,2023-05-18,부산,user4401@example.com
5295,홍수은,M,1974-01-06,2021-07-08,인천,user5295@example.com
5784,안하수,M,1970-09-27,2022-01-17,부산,user5784@example.com
5041,신하연,남,1983-07-03,2024-04-28, 서울,user5041@example.com
4514,강도예,여,1989-12-07,2023-05-21,울산,user4514@example.com
1896,한지하,F,1958-11-12,2020-08-11,세종,user1896@example.com
4717,강도예,여,1956-07-02,2020-03-26,수원,user4717@example.com
2345,홍재수,M,1984-07-03,2020-06-30,대구,user2345@example.com
3966,정영진,F,1992-04-16,2023-05-28,부산,user3966@example.com
1552,안민경,여,1981-06-14,2020-08-17,수원,
2467,윤지진,F,1990-01-14,2021-03-26, 서울,user2467@example.com
3408,임아선,F,1965-08-12,2022-03-25,인천 ,user3408@example.com
1576,전진재,여,1982-06-07,2020-08-02,부산,user1576@example.com
1378,윤현은,,2000-09-30,2024-05-16,서울,user1378@example.com
4750,오진하,F,1976-08-30,2021-02-09,인천 ,user4750@example.com
3591,윤경서,,2006-07-17,2021-11-02,서울,user3591@example.com
2096,안지우,,1970-03-16,2023-05-13,인천,user2096@example.com
5355,안지도,남,,2022-01-08,서울,user5355@example.com
3778,윤우진,남,1997-03-01,2021-09-25, 세종,user3778@example.com
2060,황하연,여,2004-02-03,2022-09-24,수원,user2060@example.com
4402,최은진,F,1978-11-29,2021-08-31,세종,
1765,황예우,F,1971-04-24,2020-10-26,대구 ,user1765@example.com
2691,송민수,M,,2022-06-25,울산,
5657,오도수,M,1979-09-29,2021-04-11, 부산,user5657@example.com
1508,강성하,M,1986-05-07,2021-02-22,대전,user1508@example.com
2109,김하아,여,1955-02-19,2024-02-26,인천,user2109@example.com
3716,장진서,F,1989-05-25,2020-06-25, 울산,user3716@example.com
3395,신준은,여,2006-07-28,2024-01-19,대구,user3395@example.com
3381,장예현,여,1998-08-19,2021-09-28,고양,user3381@example.com
2953,임진선,M,2005-04-05,2023-06-08,서울,user2953@
3206,박재연,여,1973-10-02,2023-08-03,대전 ,user3206@example.com
3308,조지재,M,1988-09-10,2021-06-10,서울 ,user3308@example.com
1883,최우하,남,1988-01-09,2021-09-20,인천,user1883@example.com
5840,황우도,M,,2024-02-10,인천 ,user5840@example.com
3462,임영태,여,1965-06-03,2023-01-06,대구,user3462@example.com
5528,장준성,F,1960-03-09,2024-03-04,울산,user5528@example.com
4544,김은하,M,1964-12-26,2020-02-18,인천,user4544@example.com
3118,한수서,F,1972-10-30,2022-01-16,부산 ,user3118@example.com
5256,조하하,남,1984-10-31,2021-04-25,대구,user5256@example.com
1075,임지현,여,1988-02-22,2022-06-11,서울,user1075@example.com
1095,강하도,M,1994-08-10,2021-09-06, 인천,user1095.com
1933,서우민,여,1979-08-09,2023-12-20,대전,user1933@example.com
5342,임영수,여,1966-07-12,2021-10-05,인천,user5342@example.com
5753,송재태,남,1996-09-26,2022-10-05, 광주,user5753@example.com
1287,오선하,M,1956-11-21,2024-05-17,부산,user1287@example.com
2577,황도경,M,1994-06-24,2023-11-19,울산 ,user2577@example.com
4979,최현준,F,2005-01-21,2024-06-24,인천,user4979@example.com
4006,오영예,여,1983-12-03,2023-03-15,대구,user4006@example.com
5194,오선은,남,1966-02-21,2023-02-02,고양,user5194@example.com
1923,박은연,M,1967-12-24,2023-11-09,부산,user1923@example.com
5507,오수태,M,,2023-02-25,광주 ,user5507@example.com
1027,안지우,M,1955-11-06,2020-12-22,대구,user1027@example.com
4200,전선준,여,1973-01-25,2023-08-19,수원 ,user4200@example.com
4633,황서선,F,2000-02-02,2021-07-30,서울,user4633@example.com
2226,박재준,여,1992-12-20,2022-05-06,서울 ,user2226@example.com
4784,홍연서,M,2000-01-09,2022-05-23, 세종,user4784@example.com
1798,조경연,여,1998-11-10,2022-04-08,부산,user1798@example.com
4423,윤지아,여,1997-07-03,2023-11-16,고양,user4423@example.com
1036,송태진,,1989-01-30,2022-02-10,인천 ,user1036@example.com
3229,홍준은,F,1998-05-16,2020-11-19,서울,user3229@example.com
4909,전민도,M,1991-09-06,2022-10-25,부산,user4909@example.com
2494,장민진,F,1969-04-18,2021-08-26,서울,user2494@example.com
1330,한재민,F,1955-11-14,2024-05-25,부산,user1330@example.com
3809,최예준,F,,2020-07-19,서울 ,user3809@example.com
2857,오경재,M,,2021-04-15,부산,user2857@example.com
5664,조재재,F,2002-08-23,2020-05-07,대구,user5664@example.com
1232,김수태,F,1994-10-31,2023-06-26,인천,user1232@example.com
4413,이지진,남,1986-11-02,2023-01-13,대구,user4413@example.com
4761,한영도,F,1960-03-08,2023-08-11,대구,user4761@example.com
3803,이민경,,1990-03-25,2020-05-12,인천,user3803@example.com
1855,안지재,남,1964-01-09,2023-04-03, 서울,user1855@example.com
5003,장성태,남,2004-10-22,2022-04-11,고양,user5003@example.com
5145,강준은,F,2001-05-15,2022-01-22, 광주,user5145@example.com
1946,홍민민,여,1956-02-03,2023-07-12,세종,user1946@example.com
3521,김태민,여,1995-10-06,2022-08-13,서울,user3521@example.com
5163,정연우,남,2004-09-01,2020-09-08,울산,user5163@example.com
4841,임예영,F,1989-08-04,2020-04-11,수원,user4841@example.com
4964,최영태,남,1963-02-03,2022-03-26,고양,user4964@example.com
3017,권진영,여,,2022-10-19,대구,user3017@example.com
4265,서재재,여,1998-05-13,2022-06-25,세종,user4265@example.com
4276,이수아,M,1981-03-06,2023-12-28,부산,user4276@example.com
5110,김영재,M,1989-01-04,2022-07-06,광주,user5110@example.com
2605,송성연,M,2004-08-10,2020-03-30, 서울,user2605@example.com
2035,권은지,F,1959-09-16,2020-09-04,인천,user2035@example.com
3421,황서영,여,1982-04-18,2022-08-09, 광주,user3421@example.com
5572,임아태,남,1967-01-22,2024-01-31,대구,user5572@example.com
3360,서아지,여,1964-06-24,2023-09-13,서울,user3360@example.com
5628,황지연,M,1981-09-06,2022-11-24,서울 ,user5628@example.com
3281,윤영서,F,1963-12-03,2020-09-23,인천,user3281@example.com
3259,홍경아,남,1972-10-14,2021-07-23,서울,user3259@example.com
3671,송진진,남,2003-04-18,2023-05-17,서울,user3671@example.com
1779,송예준,M,1956-10-23,2024-03-17, 고양,user1779@example.com
4154,이현준,남,1981-12-04,2021-05-14,부산,user4154@example.com
1367,조지도,남,1954-11-07,2020-11-17, 세종,user1367@example.com
4190,김연서,M,1981-06-19,2021-03-12,울산,user4190@example.com
5643,이현경,M,1989-12-27,2020-06-25,서울,user5643@example.com
4308,김성선,F,1975-03-31,2021-09-14,대구 ,user4308@
4166,권지연,F,1976-10-06,2022-03-24,서울,user4166@example.com
4090,조아서,남,1969-10-15,2024-04-06,울산,user4090@
4104,권영준,,1963-03-16,2020-06-07,부산,user4104@example.com
1890,이연수,F,1971-11-23,2020-08-21, 세종,user1890@example.com
3121,홍연연,F,1973-01-04,2022-09-29,대구,user3121@example.com
5117,박도민,,1964-05-12,2022-04-01,세종,user5117@example.com
1976,이재민,M,1959-12-13,2023-04-20,광주,user1976@example.com
5036,신재성,M,2002-05-26,2021-12-27,서울,user5036@example.com
1699,이태서,여,1967-10-30,2020-02-20,부산,user1699@example.com
5551,김현지,M,1956-11-30,2021-04-11,광주,user5551@example.com
4052,황준경,M,1957-04-28,2023-10-07,부산,user4052@example.com
4175,오현진,F,1999-07-04,2021-08-13,울산,user4175@example.com
2252,이우지,여,1981-05-16,2021-09-19,서울,user2252@example.com
2930,이은진,,1964-08-04,2023-02-28,부산,user2930@example.com
2412,강연재,여,1987-10-09,2021-04-26,고양,user2412@example.com
4179,최지재,M,2006-07-10,2023-08-14, 서울,user4179@example.com
2733,송선은,남,,2022-07-11,인천,user2733@example.com
5460,박선예,남,1986-01-24,2021-01-17,부산 ,user5460@example.com
5875,신하지,M,1975-07-25,2023-05-09,대전,user5875@example.com
1290,안하민,남,1990-06-27,2022-03-20,인천,user1290@example.com
3008,황준성,남,,2023-02-06, 대구,user3008@example.com
1174,신지연,여,1968-05-08,2021-10-11,서울,user1174@example.com
4436,강수서,F,2005-06-19,2023-07-23, 부산,user4436@example.com
3637,권현민,F,1982-03-31,2023-01-18,고양,
1763,전영재,여,1957-12-06,2021-09-11,대전,user1763@example.com
3933,장현예,F,1998-06-04,2022-06-07,서울 ,user3933@example.com
2347,권아수,F,1985-05-09,2020-07-30,서울,user2347@example.com
3186,조진선,F,1965-09-18,2021-07-13,서울,user3186@example.com
2743,김연선,M,1974-09-07,2020-01-29,대구,user2743@example.com
3684,한서아,남,1993-07-20,2020-09-19,서울,user3684@example.com
4775,최영수,여,1957-12-21,2024-03-26,서울,user4775@example.com
1543,최우진,남,,2020-04-10,부산,user1543@example.com
1513,안준서,M,1993-02-26,2020-03-30,서울,
2068,조연민,F,1974-02-16,2023-07-08,부산,user2068@example.com
2029,조수서,남,1985-05-29,2023-01-22,부산,user2029@
4587,신연민,F,1954-04-17,2022-09-08,서울,user4587@example.com
5819,전아영,여,1977-06-07,2021-06-08,서울 ,user5819@example.com
1070,황아현,여,1966-06-11,2021-09-04,서울,user1070@example.com
2131,신하태,여,,2020-05-15,광주 ,user2131@example.com
2314,전성도,여,1997-06-15,2023-03-03,서울,user2314@example.com
4115,임수민,F,1966-09-22,2021-07-28,울산 ,user4115@example.com
4036,안선수,F,1983-09-06,2024-01-22,부산,user4036@example.com
2794,임아아,M,1971-12-10,2021-01-15,대구,user2794@example.com
5370,오준도,F,1963-05-01,2020-04-05,수원,user5370@example.com
2827,홍예재,F,,2024-04-09,서울,user2827@example.com
2475,조연현,남,1997-01-06,2023-10-05,부산,user2475@example.com
5023,강연현,F,1970-12-03,2021-12-22,고양,user5023@example.com
5420,권은태,M,1956-05-06,2023-08-03,서울,user5420@example.com
2371,조태영,M,1981-12-16,2023-11-14,광주,user2371@example.com
3517,한진민,여,1994-07-08,2021-08-14,수원,user3517@example.com
1707,오선은,여,1977-03-21,2020-03-31, 수원,user1707@example.com
4787,김지은,M,,2022-10-23,고양 ,user4787@example.com
3214,박수영,남,1985-12-14,2023-05-02,고양 ,user3214@example.com
3196,강아은,여,1977-12-28,2021-03-24,부산,user3196@example.com
3882,오예성,남,1975-09-08,2022-09-13,서울,user3882@example.com
3960,전민경,남,2006-12-20,2023-08-07,서울,user3960@example.com
4655,임태성,F,1982-09-26,2021-01-24,인천,user4655.com
3551,조서지,여,1965-07-25,2023-06-19,인천 ,user3551@example.com
5892,이영도,여,1982-10-01,2023-06-18,수원,user5892@example.com
1973,임태선,F,2001-09-25,2020-12-25,수원,user1973@example.com
3441,김예태,M,1957-04-11,2020-12-26,대전,user3441@example.com
5288,황수경,M,1995-10-15,2020-01-02,서울,user5288@example.com
2144,조은우,F,2006-10-11,2020-02-07, 광주,user2144@example.com
4123,서은지,여,1976-02-05,2021-07-17,부산,user4123@example.com
4564,황진연,여,1961-08-30,2020-10-03, 부산,user4564@example.com
1021,윤하현,여,1976-01-23,2024-01-18,세종,user1021@example.com
5285,황성선,,1969-04-03,2020-07-04,고양,user5285@example.com
2742,임선은,남,1978-05-28,2023-08-18,대전,user2742@example.com
5070,이연태,M,,2022-03-22,고양,user5070@example.com
1951,조현수,F,1998-12-26,2022-12-03,서울,user1951@example.com
4252,최진현,F,,2021-03-30, 인천,user4252@example.com
2990,한선도,F,2002-02-13,2021-06-05,인천,user2990@example.com
3102,최영서,M,1986-01-25,2021-08-03,광주,user3102@example.com
3544,안아준,여,1991-08-14,2021-03-17,세종,user3544@example.com
1743,강우수,M,1994-10-23,2020-09-17,세종,user1743@example.com
5645,장도민,F,1992-09-18,2020-02-08, 대전,user5645@example.com
4103,장영은,남,1987-01-15,2023-10-28,수원,user4103@example.com
2696,임지성,F,1963-08-22,2023-04-30,서울,user2696@example.com
1382,전하민,남,1956-02-21,2023-03-22,광주,user1382@example.com
5722,전아진,F,1963-07-21,2020-06-18,서울 ,user5722@example.com
1990,조준도,여,2001-12-17,2022-06-14,고양,user1990@example.com
5830,조은지,F,,2022-10-29,고양,user5830@example.com
3796,송선성,F,1957-03-15,2023-11-14,인천,user3796@example.com
1470,권선지,F,1998-01-09,2021-10-05,대구,user1470@example.com
5093,장예재,남,1983-03-14,2021-11-20,서울,user5093@example.com
1989,황현태,,1989-02-24,2021-06-01,서울,user1989@example.com
4268,박도은,남,1985-11-08,2020-07-19,고양 ,user4268@example.com
1993,장영선,M,1958-10-12,2021-06-26,부산,user1993@example.com
2852,임성성,남,1991-02-23,2021-12-19,서울,user2852@example.com
1315,신아준,여,2001-07-17,2023-02-16,인천,user1315@example.com
2699,홍수하,여,1991-11-03,2023-10-24,세종,user2699@example.com
2534,안재우,여,1991-03-10,2020-10-27,인천,user2534@example.com
1888,김준지,남,1999-04-11,2021-12-28,광주,user1888@example.com
5930,김하하,M,2000-11-13,2020-03-03, 인천,user5930@example.com
2376,홍서도,M,1978-06-04,2021-04-24, 부산,user2376@example.com
4134,권영경,여,1990-04-19,2024-03-03,광주,
5702,한선연,F,1983-04-27,2020-04-08,서울,user5702@example.com
4357,송도우,남,2005-05-22,2020-12-22,고양,user4357@example.com
4819,송선지,여,1957-11-08,2020-04-22,광주,user4819@example.com
3160,안민예,F,1974-01-11,2022-02-08,인천,user3160@example.com
1501,신재준,M,1985-12-15,2020-08-20,서울,user1501@example.com
2334,한도서,남,1990-11-03,2021-06-03,고양,user2334@example.com
4883,임성은,M,1974-04-02,2020-12-14,서울,user4883@example.com
1318,전영영,여,1982-07-16,2023-04-25,서울,user1318@example.com
2585,조연연,M,1967-04-07,2022-11-04,서울 ,user2585@example.com
5838,송영경,M,1977-04-10,2023-04-10,수원,user5838@example.com
2441,한하수,M,1974-11-24,2020-11-18,서울,user2441@example.com
1379,강도선,M,1961-06-30,2021-08-13,서울,user1379@example.com
4372,조수도,M,1966-02-16,2020-08-21,인천,user4372@example.com
4417,송도연,M,2003-04-16,2022-03-27,대전,user4417@example.com
5890,안태태,M,1991-08-25,2022-06-13,세종,user5890@example.com
4038,강민연,F,1964-03-22,2020-07-29,서울,user4038@example.com
3713,한수영,남,1992-05-20,2022-06-06,서울,user3713@example.com
2169,전준선,남,1971-11-10,2023-11-14,인천 ,user2169@example.com
1080,전은도,F,1977-07-03,2022-08-01,서울,user1080@example.com
3655,오은영,F,1983-04-28,2022-03-07,서울,user3655@example.com
2304,서준준,남,1975-06-03,2024-06-18,대구,user2304@example.com
5676,오하은,남,1990-09-05,2024-01-31,세종,user5676@example.com
3628,서수재,M,1958-04-11,2020-11-03,울산,user3628@example.com
1971,장연서,F,1993-10-13,2022-10-05,고양,user1971@example.com
3026,서연현,,1987-04-20,2023-06-12,서울,user3026@example.com
4061,조현연,남,1971-11-08,2020-01-14,서울,user4061@example.com
3630,전민하,남,1983-03-26,2021-12-14,인천 ,user3630@example.com
2093,윤재태,여,1989-02-26,2021-01-19,대전,user2093@example.com
2896,오지예,,1976-09-24,2021-06-09,광주,
1565,정영예,F,2004-09-04,2023-04-15,서울,user1565@example.com
4193,최수민,여,1994-06-13,2024-06-09,서울,user4193@example.com
4147,안하우,남,1977-01-28,2022-07-10,부산,user4147@example.com
2509,신도성,F,1968-06-07,2021-01-20,서울 ,user2509@example.com
2455,이경진,여,1967-02-23,2022-10-05, 대구,user2455@example.com
1755,장선경,M,1989-07-02,2021-07-30,서울,user1755@example.com
5519,장경수,남,1986-09-25,2023-07-05,부산,user5519@example.com
2012,정선현,F,1999-07-05,2024-03-31,울산,user2012@example.com
5899,오도연,남,1974-03-17,2021-10-05,인천,user5899@example.com
2471,신하민,M,1965-03-07,2022-08-27,수원,user2471@
3198,오준예,여,1957-05-11,2023-12-30,고양,user3198@example.com
5760,홍지진,M,1968-11-08,2023-06-17,서울,user5760@example.com
1260,황지선,F,1963-08-07,2022-12-14,부산,user1260@example.com
2922,안태진,여,,2023-03-26,세종,user2922@example.com
1617,강하예,,1997-01-16,2020-12-16,광주 ,user1617@example.com
5881,홍선준,남,1985-03-14,2024-05-31,인천,user5881@example.com
2457,임수연,여,,2021-11-21, 인천,user2457@example.com
1485,정태지,F,1978-05-24,2023-07-04,부산 ,user1485.com
2657,송태재,,1995-12-12,2021-11-28,수원,user2657@example.com
1135,조은도,여,1957-05-15,2022-05-12,울산,user1135@example.com
4067,권현재,F,1958-09-14,2020-07-15,대전,user4067@example.com
1838,김성민,여,1964-07-17,2023-06-07,서울,user1838@example.com
2329,조하수,남,1956-10-31,2023-04-11,세종,user2329@example.com
2521,권지연,남,1959-11-09,2024-06-10,세종 ,user2521@example.com
5064,황아진,여,1978-10-20,2021-02-10,고양,user5064@example.com
1122,신현수,남,1973-11-30,2023-08-01,대구 ,user1122@example.com
1581,안경지,여,1956-02-17,2022-06-13,고양,user1581@example.com
5377,강서재,여,1955-07-28,2022-10-29,서울,user5377@example.com
3389,송진수,여,1985-09-07,2020-03-19,수원,user3389@example.com
5357,강지아,F,1963-12-10,2022-01-28,서울,
2126,송은재,여,1956-11-10,2022-02-08,수원,user2126@example.com
3745,장재아,여,2005-12-08,2022-04-09,대구,user3745@example.com
1233,황아수,,2000-04-28,2020-03-24,서울,user1233@example.com
3786,강현은,남,1981-01-07,2023-05-25,서울,user3786@example.com
2721,권하성,M,1972-10-15,2022-09-23,수원,user2721@example.com
3775,조영은,여,1990-03-16,2023-03-10,서울,user3775@example.com
5859,황재하,F,2001-05-28,2020-08-14,인천,user5859@example.com
1703,최도수,F,1976-06-30,2020-05-02, 고양,user1703@example.com
5181,윤영영,여,1960-04-07,2023-02-20,대구 ,user5181@example.com
1930,한현준,여,1992-02-18,2020-10-09,대구,user1930@example.com
5071,황진수,남,1992-09-09,2021-06-23, 서울,user5071@example.com
2227,홍성현,여,1997-06-07,2023-08-03,대구,user2227@example.com
5553,오성민,남,1957-09-30,2022-04-22,서울 ,user5553@example.com
2020,이재수,M,1991-03-11,2024-02-01,부산,user2020@example.com
2612,신도우,F,1980-03-24,2020-12-05,인천,user2612@example.com
5545,황수성,여,,2021-09-08,서울,user5545@example.com
3894,강현도,남,1962-08-15,2024-01-07,인천,user3894@example.com
3045,홍연성,F,1967-03-21,2023-12-30,인천,user3045@example.com
4963,윤지재,M,1970-09-13,2023-12-13,부산,user4963@example.com
4840,송성성,M,1988-02-29,2020-04-29, 서울,user4840@example.com
3926,서예도,남,1971-11-07,2021-12-17,수원,user3926@example.com
5030,한태경,,1963-07-16,2021-06-06,부산,user5030@example.com
1352,강현수,F,1966-03-11,2021-07-22,부산,user1352@example.com
3508,장지준,남,1991-01-15,2023-06-26,서울,user3508@example.com
5599,권민수,F,1966-04-26,2020-10-25,울산,user5599@example.com
1057,최선선,여,1979-08-12,2020-08-15,부산,user1057@example.com
4486,조현아,F,2000-06-21,2020-05-01,수원,user4486@example.com
3921,황준민,여,1990-09-09,2023-03-03,대구,user3921@example.com
1953,장연태,남,1990-05-10,2022-03-25,부산,user1953@example.com
4777,송태태,여,1970-08-26,2020-05-30,수원,user4777@example.com
1296,안진수,F,1956-06-26,2022-07-04,광주,user1296@example.com
5636,안경하,여,1989-04-17,2022-05-10,서울,user5636@example.com
1657,서진현,남,1987-11-15,2023-06-15,부산,user1657@example.com
3690,권수지,M,1967-03-28,2022-09-21,광주,user3690@example.com
1409,김은서,F,1980-07-16,2020-05-14,서울 ,user1409@example.com
1227,오도지,F,1958-09-15,2020-10-08,대전,user1227@example.com
3802,홍우수,남,1987-08-30,2020-10-10,인천,user3802@example.com
3353,임우우,F,,2023-08-30,서울,user3353@example.com
1159,황준민,여,2000-12-05,2023-04-07,서울 ,user1159@example.com
2221,오은경,여,,2023-02-23,대전,user2221@example.com
2505,정현서,F,1993-05-29,2020-10-28,서울 ,user2505@
4309,전경재,남,1977-11-08,2020-04-12,서울,user4309@example.com
4534,이지예,여,1972-05-28,2023-05-12,서울,
3290,윤성재,남,1962-06-16,2023-12-22,대구,user3290@example.com
3993,송지영,남,1963-04-25,2023-12-24,서울,user3993@example.com
2350,이은아,,1995-06-05,2022-10-11,수원,user2350@example.com
2351,윤민수,남,1997-04-04,2021-11-30,서울,user2351@example.com
4407,서영성,남,1961-01-10,2020-07-16,서울,user4407@example.com
5248,전민우,F,1956-07-17,2024-03-26,서울,user5248@example.com
2653,오은재,M,1988-10-01,2021-07-27, 대전,user2653@example.com
5007,신선수,F,2006-06-01,2024-02-29,서울,user5007@example.com
4214,오준영,,1970-02-21,2023-09-08,울산,
4111,황성민,여,1962-07-24,2020-10-09,서울,user4111@example.com
2726,전선성,남,1969-05-20,2020-11-22,광주,
4520,안진현,F,1975-10-15,2024-02-09,울산,user4520@example.com
3870,강현현,F,1971-04-23,2023-08-21, 대구,user3870@example.com
1686,장준하,M,1983-01-15,2020-03-15,울산,user1686@example.com
5786,오우우,M,1974-12-06,2023-09-07,서울,user5786@example.com
5563,최예우,F,1960-06-29,2021-09-23,고양,user5563@example.com
3215,윤예진,,1970-01-12,2022-03-22,광주,user3215@example.com
3027,홍우은,F,1966-04-05,2020-09-11,서울,user3027@example.com
3415,임예민,F,2005-09-08,2021-02-07,고양,user3415@example.com
2697,박선영,여,1992-09-10,2022-12-14,수원,user2697@example.com
1341,강아수,F,1965-01-03,2021-05-19,광주,user1341@example.com
3416,서재준,M,1996-10-01,2022-05-27,광주,user3416@example.com
1999,한성예,M,1980-12-18,2020-09-10,세종,user1999@example.com
5129,장하우,여,1980-11-17,2020-08-31,고양,user5129@example.com
4197,안현재,여,1964-03-15,2022-07-30, 인천,user4197@example.com
5620,서태연,여,1974-05-02,2021-11-16,광주,user5620@example.com
2462,김서성,,1986-04-08,2021-02-28,인천,user2462@example.com
5516,윤수아,남,2001-10-11,2023-09-14, 대구,
3487,이경도,여,1977-11-17,2021-04-18,고양,user3487@example.com
3351,황준은,M,1991-01-17,2020-12-25,수원,user3351@example.com
4170,서도성,남,1980-08-29,2020-05-20, 고양,user4170@example.com
4815,이우은,여,1969-12-25,2020-08-14,서울,user4815@example.com
2920,윤현재,F,1970-06-08,2022-01-31,수원,user2920@example.com
1517,이은서,여,1954-09-04,2021-12-18,광주,user1517@example.com
5906,강은재,F,1998-02-14,2021-07-28,서울 ,user5906@example.com
1336,홍준경,여,1967-07-04,2021-03-15,광주,user1336@example.com
3547,오은지,여,1986-06-10,2020-07-16,고양 ,user3547@example.com
3606,한선은,F,1960-05-02,2023-02-18,대전,user3606@example.com
5327,장현성,여,1991-03-23,2022-06-29,부산,user5327@example.com
5049,임연진,M,1993-06-18,2020-06-01,부산 ,user5049@example.com
2538,권지태,여,1984-03-14,2020-03-19,수원,user2538@example.com
1825,이경지,M,2003-11-12,2021-07-01,대구,user1825@example.com
3263,한지민,남,1992-06-10,2020-06-22,대구,
2010,강현수,여,1962-01-28,2024-02-25,인천,user2010@example.com
1235,권영하,M,1983-02-26,2022-02-28,수원,user1235@example.com
5647,이선우,남,1980-10-09,2020-03-25,고양 ,user5647@example.com
3704,이지선,남,1996-09-27,2024-06-22,대전,user3704@example.com
3259,홍경아,남,1972-10-14,2021-07-23,서울,user3259@example.com
3414,윤태성,F,1979-08-05,2020-12-27,인천,user3414@example.com
1776,장성준,F,2006-11-27,2021-05-16,인천,user1776@example.com
3322,조진성,F,1957-03-08,2021-04-24,인천,user3322@example.com
2151,한아경,M,1972-08-26,2021-11-12,인천,user2151@example.com
1731,장연하,F,1998-04-13,2023-04-15,서울,user1731@example.com
2323,송선재,여,1972-11-29,2021-03-10,부산,user2323@example.com
2235,조아현,M,1980-10-06,2021-09-05,부산,user2235@example.com
3294,권재서,남,2003-09-21,2024-04-26,인천 ,user3294@example.com
4569,정준서,여,2002-09-29,2022-06-20,광주,user4569@example.com
2624,오지은,남,1993-05-29,2022-12-06, 인천,user2624@example.com
1908,윤은지,여,1958-02-06,2021-11-27,인천 ,user1908@example.com
3167,안수민,F,1981-04-04,2021-06-22, 수원,user3167@example.com
2228,최연경,남,1967-10-08,2021-04-22,고양,user2228@example.com
2396,서진태,남,1976-04-29,2023-03-03,인천,user2396@example.com
2160,오아재,남,1969-06-04,2022-01-14,서울,user2160@example.com
4854,임성아,M,1995-04-11,2021-09-26, 서울,user4854@example.com
4321,최민재,M,1979-04-24,2022-01-20,대구,
2269,김경재,여,,2023-04-30,대구,user2269@example.com
4356,이도하,F,1963-11-17,2022-07-10, 인천,user4356@example.com
5616,강우아,여,1980-06-03,2022-12-17, 부산,user5616@example.com
3876,신준경,여,1965-07-26,2024-04-01,광주 ,user3876@example.com
4056,안예도,M,1998-07-20,2021-06-15,대구,user4056@example.com
5008,최예예,여,1988-11-14,2020-08-27,수원,user5008@example.com
1607,한준선,F,1954-01-03,2020-07-13,부산,user1607@example.com
4861,서진서,F,2004-12-10,2023-10-10,울산,user4861@example.com
5251,윤수도,남,2005-10-01,2020-06-19, 대구,user5251@
3969,서하진,F,1996-04-07,2021-11-22,대구,user3969@example.com
4163,조준태,M,1978-11-15,2023-05-25,대전,
2071,정준경,M,2000-07-31,2020-08-23,부산,user2071@example.com
2885,최연성,M,2001-05-22,2022-11-13,서울,user2885@example.com
5435,전재현,F,,2023-11-24, 수원,user5435@example.com
1523,안현우,M,1990-02-25,2020-04-17,수원,user1523@example.com
1782,박선영,남,1990-05-03,2023-06-02,부산 ,user1782@example.com
1944,박성연,남,,2023-12-30,부산,user1944@example.com
2004,박영성,F,1962-07-05,2023-05-06,대전,user2004@example.com
2734,송하예,M,1972-05-14,2021-02-19,수원,user2734@example.com
5495,서준아,,,2022-03-02,부산,user5495@example.com
5352,오진아,남,,2023-09-28, 부산,user5352@example.com
3776,한민도,F,1994-06-24,2024-03-20,서울,user3776@example.com
1163,장민아,F,1989-02-22,2021-03-04,부산,user1163@example.com
4548,조수은,M,2003-11-04,2023-07-16,울산,user4548@example.com
3505,박우진,남,1974-02-11,2023-07-24,광주,user3505@example.com
3512,홍우하,M,1968-10-15,2020-07-06,대전,user3512@example.com
5043,박도하,여,1988-04-18,2020-12-02,대구,user5043@example.com
3153,한진현,남,1961-01-23,2021-10-05,인천,user3153@example.com
3493,서성연,M,1983-09-11,2021-09-20,인천,user3493@example.com
1688,장지경,,1954-09-23,2022-08-14, 서울,user1688@example.com
5840,황우도,M,,2024-02-10,인천 ,user5840@example.com
3782,황준태,남,1954-01-14,2023-09-20,서울,user3782@example.com
3599,윤연하,,1956-06-23,2020-09-05,부산,user3599@example.com
1230,임아준,,1980-04-01,2022-09-25,울산 ,user1230@example.com
5468,송서우,F,1960-04-20,2021-05-06,대전,user5468@example.com
3936,황은지,F,2000-06-26,2024-05-27,부산,user3936@example.com
1867,안경현,M,1957-04-18,2022-01-27,서울,user1867@example.com
4665,임은수,F,1972-02-07,2021-05-28,인천,user4665@example.com
4212,조은예,여,1967-08-08,2021-02-11,서울,user4212@example.com
3054,권하하,F,1963-07-09,2020-10-07,서울,user3054@
3127,서현수,여,1994-10-17,2024-05-09,고양,user3127@example.com
2341,박수예,F,1976-04-28,2023-11-30,부산,user2341@example.com
2793,강민경,F,1984-08-29,2020-09-12,울산,user2793.com
2253,황현태,F,1965-05-05,2021-12-18,광주,user2253@example.com
5798,윤재은,여,1998-12-14,2020-05-02,광주,user5798@example.com
5781,오지성,M,1956-10-20,2023-08-04,부산,user5781@example.com
2666,황도지,F,1996-08-02,2023-05-04,수원,user2666@example.com
2423,신재민,여,1957-09-24,2021-10-12,세종,user2423@example.com
5885,정영우,F,1979-09-14,2021-12-21,인천,user5885@example.com
1093,윤진현,,1968-03-24,2023-07-03,인천,user1093@example.com
2936,윤아연,남,1975-11-14,2020-08-18, 서울,user2936@example.com
5704,권태지,여,1962-02-01,2024-06-18,고양,user5704@example.com
1215,강서성,M,1978-05-19,2022-02-21, 서울,user1215@example.com
2575,조서영,F,1999-04-27,2021-11-02,부산,user2575@example.com
4683,오경은,M,1958-03-04,2024-05-15,광주,user4683@example.com
2636,최성수,여,1980-11-16,2023-03-13, 대구,
4532,이태수,여,1974-09-12,2022-11-21,부산,user4532@example.com
3692,전예은,F,1958-12-08,2022-08-23,고양,user3692@example.com
5910,전성선,남,1976-06-30,2020-02-05,대구,user5910@example.com
1725,박준은,여,1977-07-17,2023-03-21,인천 ,
2332,장진현,남,1979-12-29,2021-05-02,수원,user2332@example.com
4078,정예준,여,1974-08-12,2021-11-07,인천,
2019,박서서,여,1972-05-02,2020-11-06,서울 ,user2019@example.com
1108,임준경,M,1973-03-04,2024-03-28,서울,user1108@example.com
4700,최아도,남,1956-07-08,2021-06-03, 광주,user4700@example.com
4266,권진우,여,2006-10-06,2021-05-17,고양,user4266@example.com
5461,조준준,F,2002-01-10,2023-02-24,수원,user5461.com
3952,전은준,남,1960-10-12,2023-08-23,서울,user3952@example.com
2358,박하수,M,1960-11-10,2021-03-27,부산,user2358@example.com
3000,송영경,,1955-08-09,2023-11-05,대구,user3000@example.com
3181,정선도,여,1997-08-20,2022-04-06,서울 ,user3181@example.com
2104,조선수,M,1957-01-02,2020-03-19,수원,user2104@example.com
1955,서지선,남,1971-09-12,2021-10-02, 수원,user1955@example.com
3031,최진우,남,1972-03-23,2022-07-31,대전,user3031@example.com
5257,이영지,여,1991-05-09,2021-09-23,대전,user5257@example.com
3965,오경지,여,1957-07-20,2020-09-03,서울,user3965@example.com
2887,장서선,남,2006-11-16,2020-08-27,부산 ,user2887@example.com
5428,황연민,,,2024-01-22,수원,user5428@example.com
1373,윤하서,남,1988-09-14,2023-06-10,인천,user1373@example.com
1422,황하도,남,1996-07-25,2021-10-28,광주,user1422@example.com
3261,홍민현,F,1973-10-15,2022-09-17,대전,user3261@example.com
1124,송지서,남,1966-03-10,2023-05-15,수원,user1124@example.com
3319,황진수,,1990-12-14,2023-11-18,대구,user3319@example.com
4572,신재지,여,1959-02-05,2022-10-17,인천,
1586,신서경,F,2005-04-19,2022-02-02,대구,user1586@example.com
1062,윤진연,남,1983-11-25,2020-11-27,대구,user1062@example.com
1700,한경재,M,2001-07-14,2020-06-17,인천 ,user1700@example.com
1932,강선은,남,2004-02-15,2022-08-07,인천,user1932@example.com
3571,전태서,남,1969-01-08,2023-12-20,부산,user3571@example.com
2670,황지서,여,1986-08-06,2023-08-15,부산,user2670@example.com
1133,오예성,F,2001-06-26,2021-07-07,수원,user1133@example.com
1772,김영은,남,1975-03-21,2020-09-25,대구,user1772@example.com
2024,안태민,여,,2023-10-19,수원,user2024@example.com
5299,이지민,M,1969-11-01,2022-06-10,부산,user5299@example.com
3953,장태지,F,1964-12-22,2024-05-06,서울,user3953@example.com
3911,이성재,F,1971-03-28,2023-10-12,수원,user3911@example.com
2520,송민성,F,,2023-03-17,서울 ,user2520@example.com
4435,서진도,M,1997-07-03,2023-05-24,울산,user4435@example.com
1768,박민예,F,2003-08-20,2020-02-27,고양,user1768@example.com
4054,황경준,F,1972-09-16,2020-11-03,고양,user4054@example.com
1541,이연지,F,1992-12-05,2020-08-03,광주,user1541@example.com
4706,최하선,M,1988-06-05,2020-09-10,서울 ,user4706@example.com
2077,최영예,남,1989-01-10,2022-01-21,부산,user2077@example.com
5531,박우서,여,1968-04-28,2022-11-22,세종,user5531@example.com
4030,권아예,F,1972-09-18,2021-08-26,서울,user4030@example.com
1785,오진아,남,1996-10-20,2022-12-28,광주,user1785@example.com
3093,최아진,남,1967-05-11,2024-03-24,광주,user3093@example.com
5912,김아민,F,1974-12-30,2023-11-12,서울,user5912@example.com
4776,한아은,남,1969-11-04,2020-01-16,수원 ,user4776@example.com
1155,신수은,남,1972-04-09,2021-02-02,고양,user1155@example.com
2547,안아아,여,1996-07-21,2023-09-22,수원,user2547@example.com
4788,홍재준,남,2002-10-28,2020-04-10,인천,
1176,권우진,여,,2023-08-03,부산,user1176@example.com
1547,오도지,여,2000-04-26,2022-07-11,울산,user1547@example.com
5190,장성태,M,,2020-12-29, 서울,user5190@example.com
3434,임수재,여,1986-03-24,2023-01-11,광주,user3434@example.com
4986,조태준,남,1982-06-16,2022-05-17,울산,user4986@example.com
3702,정준경,F,1969-12-28,2022-08-24,인천,user3702@example.com
1563,최아경,F,1987-01-12,2022-02-19,서울,user1563@example.com
2924,윤예진,M,1972-11-27,2021-01-13, 인천,user2924@example.com
5596,송민선,M,,2023-12-09,서울,user5596@example.com
3108,강태성,,1997-10-08,2021-04-22,대구 ,user3108@example.com
2353,전진재,여,1997-08-22,2022-12-25,서울,user2353@example.com
4962,신영예,F,1984-02-29,2022-08-25,세종,user4962@example.com
5234,강태성,F,1962-07-21,2021-06-03,고양,user5234@example.com
1723,박수준,F,1971-04-28,2024-01-06,인천,user1723@example.com
5045,김도우,M,1997-04-04,2020-09-19,서울,user5045@example.com
3312,한연우,M,,2020-06-15,대전,user3312@example.com
3947,임아연,,1971-03-12,2023-07-02,대전,user3947@example.com
3305,이영선,M,1955-09-27,2024-06-02,광주 ,user3305@example.com
1819,홍성선,여,1981-10-25,2020-09-22,대구 ,user1819@example.com
4985,조영성,남,1985-01-01,2021-03-31,서울,user4985@example.com
1481,안우수,여,1966-12-22,2022-07-05,세종,user1481@example.com
2433,오민준,M,1968-12-22,2024-02-18,대전,user2433@example.com
1010,한하경,남,1958-08-06,2021-11-25,대구,user1010@example.com
1143,장태선,여,1992-04-03,2021-02-14,울산,user1143@example.com
1321,박예현,F,1968-07-16,2023-08-31,고양,user1321@example.com
3844,임민은,M,1972-09-29,2021-11-28,서울,user3844@example.com
5095,한연하,남,1990-01-16,2022-05-24,울산,user5095@example.com
2357,박지서,,2000-01-13,2020-06-25,인천,user2357@example.com
2508,송은영,여,1972-01-02,2022-02-05,인천,user2508@example.com
4297,전하서,M,1976-10-03,2022-05-21,부산 ,user4297@example.com
3931,신서현,남,1999-03-21,2021-10-17,대구,user3931@example.com
2510,조현서,F,1963-10-20,2020-01-15,수원,user2510@example.com
2005,전재재,남,1986-11-18,2020-07-09,수원,user2005@
2970,안준우,여,1975-01-20,2024-05-24,고양,user2970@example.com
1705,오우재,여,1979-02-11,2021-02-02, 부산,user1705@example.com
5120,권지성,여,1972-12-08,2023-11-17,서울,user5120@example.com
5586,정재영,M,1971-11-05,2021-05-06,인천,user5586@example.com
3895,한은현,,1969-04-06,2023-02-21,수원,user3895@example.com
4863,서경영,남,1979-04-14,2020-01-07,서울,user4863@example.com
3720,서서아,F,2006-10-26,2020-10-26,부산 ,user3720@example.com
2784,권은수,F,1974-06-03,2023-10-09,고양,user2784@example.com
2336,서서태,M,1976-01-15,2024-04-08, 대구,user2336@example.com
3277,이아은,여,1974-02-11,2021-06-21,대구,user3277@example.com
5239,정우재,여,1978-09-04,2024-03-19,수원 ,user5239@example.com
2497,황영아,M,1987-07-28,2023-03-22,수원,user2497@example.com
2171,서진연,F,2004-10-09,2020-11-20, 수원,user2171@example.com
4079,장진태,여,1981-03-12,2022-09-15,광주,user4079@example.com
1445,신민선,남,1989-11-27,2020-02-19, 서울,user1445@example.com
5521,신재성,,1966-08-06,2022-05-05,대전,user5521@example.com
1316,권성진,M,1980-07-07,2022-04-07,고양,user1316@example.com
5776,조경민,여,1987-07-02,2022-12-12,인천,user5776.com
3784,전민서,,1954-04-17,2023-11-27, 대구,user3784@example.com
5802,정연수,F,1980-08-31,2020-03-11,고양,user5802@example.com
3658,신준예,여,1976-09-17,2021-07-31, 광주,user3658@example.com
2369,서은지,F,2002-09-30,2024-02-06,대구,user2369@example.com
5408,강연경,남,1981-10-03,2023-10-29,서울,user5408@example.com
2621,김수서,남,1974-05-18,2021-07-30,인천,user2621@example.com
3529,오예우,여,1992-06-22,2024-02-07,부산,user3529@example.com
1562,임경민,여,1979-12-23,2021-06-22,인천,user1562@example.com
3956,이연지,F,1984-06-04,2022-09-01, 부산,user3956@example.com
5361,황아도,F,1998-06-20,2021-06-19,수원,user5361@example.com
5663,윤예서,남,1995-05-12,2021-12-02,서울,user5663.com
4349,황예민,M,1986-06-25,2020-12-26,고양,user4349@example.com
4852,박연경,M,1964-02-29,2020-05-18,서울,user4852@example.com
2790,오민지,여,1963-08-09,2023-11-05,광주,user2790@example.com
5437,전아성,F,,2022-08-08,울산,user5437@example.com
1200,윤현선,남,2005-03-09,2022-02-28,서울,user1200@example.com
5475,조수은,M,2000-10-10,2023-08-23, 광주,user5475@example.com
1922,장재지,남,1957-04-13,2023-09-07,고양,user1922@example.com
4523,최하아,남,1955-06-29,2023-04-19,수원,user4523@example.com
4205,신진선,남,1997-02-07,2023-03-06,고양,user4205@example.com
4555,장현준,M,1978-09-12,2024-01-27,서울,user4555@example.com
1209,황경선,M,1986-12-02,2023-09-24,서울,user1209@example.com
3858,권지선,F,1960-11-30,2023-07-11,서울,user3858@example.com
4011,한서재,남,1991-03-24,2023-11-15,광주,user4011@example.com
1981,권성지,남,1989-11-14,2023-08-17,고양,user1981@example.com
2385,정현연,여,,2020-02-16,광주,user2385@example.com
2527,박하영,M,1957-05-02,2022-11-17,울산,user2527@example.com
1172,황수하,여,1955-09-23,2023-03-03,광주,user1172@example.com
4926,한은예,M,1964-02-14,2020-04-26,서울,user4926@example.com
3470,송재서,여,1954-05-27,2021-04-03,수원 ,user3470@example.com
2415,황도연,남,1995-02-23,2022-09-12,광주,user2415@example.com
5848,최재준,,1957-06-29,2020-09-18,서울,user5848@example.com
2841,이경수,M,1957-02-09,2021-04-22,서울,user2841@example.com
4874,서재재,F,1991-09-04,2020-09-05,수원,user4874@example.com
4045,송도태,M,1983-04-29,2023-07-02,부산,user4045@example.com
4195,최예진,남,2006-03-11,2024-05-30,부산,user4195@example.com
5038,조민선,M,2006-08-30,2023-10-14,서울 ,user5038@example.com
5520,홍하진,F,2004-12-18,2023-12-02,고양,user5520@example.com
5330,최성진,여,1977-08-15,2021-02-22,대구,user5330@example.com
2270,윤준예,M,1957-07-27,2021-11-20,수원,user2270@example.com
3316,이연민,남,1966-02-05,2020-09-19,대전,user3316@example.com
1415,신현진,F,1988-05-08,2022-01-27,대전,user1415@example.com
4070,장준재,여,1956-06-15,2021-03-17,서울,user4070@example.com
2897,송예성,M,1994-10-06,2021-02-24,대구,user2897@example.com
1338,정준예,M,1991-01-07,2023-08-27, 대구,user1338@example.com
1844,김예선,M,2005-08-23,2022-11-05,서울,user1844@example.com
1205,강아진,여,1998-02-08,2023-05-09,고양,
4219,장성우,F,1996-10-27,2021-05-26,서울,user4219@example.com
5108,한태민,여,1976-05-12,2020-01-29,세종,user5108@example.com
2089,박우아,,1980-10-06,2024-04-26,대전,user2089@example.com
4939,한지진,여,,2023-09-26,세종,user4939@example.com
3343,권하하,여,1970-06-03,2022-03-29,대전,user3343@example.com
3169,홍성태,남,1973-09-01,2022-03-17,부산,user3169@example.com
3384,최은연,여,1968-06-29,2022-03-28,인천,user3384@example.com
5547,안아지,F,1994-10-30,2022-08-09, 광주,user5547@
1550,안경연,여,1965-11-17,2023-11-26, 대구,user1550@example.com
4221,강경도,남,1978-05-12,2021-12-06,대전 ,user4221@
2954,홍수재,남,1981-08-13,2023-06-16,울산,user2954@example.com
3232,전서은,M,1989-01-03,2020-08-18,서울,user3232@example.com
1348,최현연,F,1993-01-30,2024-02-28,부산,user1348@example.com
3262,김성현,F,1995-08-22,2020-04-12,인천,user3262@example.com
3402,권하준,남,1988-09-29,2023-08-15,인천 ,user3402@example.com
2702,신경연,여,1986-08-03,2021-07-23,광주,user2702@example.com
4728,조진재,여,2005-11-08,2020-03-25,서울,user4728@example.com
1647,한영아,M,1983-07-15,2023-09-15,부산,user1647@example.com
1783,박예민,F,1981-05-13,2022-12-04,부산,user1783@example.com
4805,안현재,M,1988-12-28,2021-07-17,서울,user4805@example.com
1153,강도예,M,1983-03-11,2022-10-10, 수원,user1153@example.com
1479,박아진,F,1979-01-17,2024-05-09,수원 ,user1479@example.com
4060,정진영,여,1974-06-30,2021-06-01,수원,user4060@example.com
5828,전수예,남,1985-09-26,2020-05-24, 대구,user5828@example.com
4028,정도민,,1959-02-14,2023-04-19,대구,user4028@
1500,박준태,남,1998-02-04,2021-10-09,대구,user1500@example.com
3269,홍우서,여,2001-10-20,2024-05-16,세종,user3269@example.com
1573,김경현,남,1979-06-26,2023-10-07,부산,user1573@example.com
5005,홍우지,M,1990-08-04,2021-01-04, 부산,user5005@example.com
4557,조성연,남,1960-09-06,2023-06-28,서울,user4557@example.com
4330,서수재,남,1968-10-28,2022-05-06,인천,user4330@example.com
2087,홍은은,F,1992-08-13,2022-04-05,부산,user2087@example.com
3424,조하경,M,1957-03-16,2022-05-23,광주 ,user3424@example.com
4631,한서수,M,1966-03-26,2022-07-27,서울,user4631@example.com
2333,안현예,M,1955-07-06,2023-04-29,광주,user2333@example.com
2876,정성재,남,1955-05-22,2021-09-02,고양,user2876@example.com
4288,최성태,M,1981-09-19,2022-05-25,수원,user4288@example.com
4675,장준재,F,1997-02-21,2022-06-08,부산,user4675@example.com
5146,장지경,여,1976-02-17,2021-05-03,수원,user5146@example.com
3190,윤현도,M,1955-03-03,2020-01-27,서울,user3190@example.com
2812,신지선,여,1960-12-24,2020-08-18,서울,user2812@example.com
3764,정지준,남,1987-08-19,2021-09-27,고양,user3764@example.com
3875,한아지,M,1986-02-12,2023-01-02,부산,user3875@example.com
1675,권영진,남,1977-12-21,2020-12-11,대구,user1675@example.com
4203,박수우,F,1998-04-20,2021-01-03, 대전,user4203@example.com
5324,홍서재,F,1971-09-04,2024-04-02,울산,user5324@example.com
1082,최하은,여,,2021-03-20,대구,user1082@example.com
4223,황성하,M,1986-06-24,2022-08-08,부산 ,user4223@example.com
1579,박서진,F,1986-01-01,2023-08-07,인천,user1579@example.com
2439,홍수선,M,1995-10-16,2022-06-19,부산 ,user2439@example.com
5670,이현현,M,,2023-07-31,부산,user5670@example.com
4571,안태태,남,1954-01-05,2020-01-15, 광주,user4571@example.com
3925,최수예,남,1969-10-10,2021-09-04,고양,user3925@example.com
4196,정태민,M,1994-10-09,2023-05-22,수원,user4196@example.com
1521,박도도,여,1977-03-22,2023-12-22, 인천,user1521@example.com
3859,장하도,남,1960-09-04,2023-08-04,대구,user3859@example.com
2140,송우수,M,1993-10-24,2021-09-16, 대전,user2140@example.com
1102,안태성,,1965-04-27,2020-04-08,서울,user1102@example.com
5139,한하진,남,1962-06-27,2023-08-01, 부산,
5763,정도아,M,2000-02-26,2024-01-15,고양,user5763@example.com
1001,황서우,여,2002-04-02,2023-06-03,부산,user1001@example.com
2167,윤우은,,1994-06-09,2022-12-23,고양,
2774,황준아,M,1990-05-27,2022-05-18,부산,user2774@example.com
3375,홍아현,남,1969-09-16,2020-03-05,세종,user3375@example.com
4837,오영수,여,2001-02-10,2021-12-29,서울,user4837@example.com
4241,정은영,M,1981-07-17,2023-01-28,부산,user4241@example.com
3576,강은서,F,1958-09-17,2021-01-04,대구,user3576@example.com
4806,박재도,F,1972-06-13,2022-02-25,부산,user4806@
4855,권민은,남,1979-09-29,2024-02-26,울산,user4855@example.com
2985,황은지,남,1982-02-14,2022-06-09,서울,user2985@example.com
2431,최현영,여,1981-04-18,2020-03-03,서울,user2431@example.com
2305,신지아,남,1991-05-17,2023-01-22,고양,user2305@example.com
1852,홍예준,F,1958-10-02,2021-05-18,서울,user1852@example.com
2504,오도선,남,2002-04-27,2023-10-08,인천,user2504@example.com
1346,홍민준,남,1983-12-18,2022-05-03,수원,user1346@example.com
2378,한서현,남,1992-08-15,2023-12-09,대구,user2378@example.com
2382,조우지,여,1983-02-05,2023-04-18,서울,user2382@example.com
2110,서도성,M,1963-08-10,2020-01-11,인천,user2110.com
3979,임은진,남,1966-08-04,2020-01-24,서울,user3979@example.com
4358,최재하,M,1994-12-19,2022-05-16,서울,user4358@example.com
2279,송도수,남,,2021-10-17,고양 ,user2279@example.com
2725,황아영,남,1960-11-12,2021-01-07,광주,user2725@example.com
5568,조경연,,2002-05-22,2023-01-27,서울,user5568@example.com
5072,안연현,여,2004-09-14,2020-05-19,서울,
3348,정예태,F,2004-02-09,2023-06-10, 서울,user3348@example.com
2337,강서수,M,1984-06-01,2022-02-10,서울,user2337@example.com
3094,최선경,M,1956-06-25,2020-06-15,대구,user3094@example.com
4235,오선성,남,1978-07-01,2024-05-23,대구,user4235@example.com
2638,최우선,F,1980-05-25,2020-02-19,인천 ,user2638@example.com
4760,최우연,M,1984-09-29,2023-11-22,대전,user4760@example.com
1869,김진우,여,1968-11-01,2021-05-26,서울,user1869@example.com
5615,장경경,남,1991-01-13,2022-08-12,울산,user5615@example.com
5752,안하현,F,1965-03-28,2022-12-10,대구,user5752@example.com
1383,정아진,여,1996-07-11,2023-09-23,울산,user1383@example.com
2948,김경은,여,1992-09-04,2023-03-13, 부산,user2948@example.com
5756,오은지,여,1979-01-03,2021-11-21,부산,user5756@example.com
1300,윤지우,남,2003-07-07,2021-05-27,광주,user1300@example.com
2792,조성재,F,1994-03-03,2020-12-31,대전,
3853,이선준,남,1967-10-31,2024-03-23, 대전,user3853@example.com
2320,박성수,남,1992-08-01,2021-08-06,수원,user2320@example.com
4346,서연민,,1990-11-03,2023-01-25,서울,user4346@example.com
1781,서지은,남,2000-05-23,2020-03-18,대구,user1781@example.com
5908,황하우,남,1964-12-16,2022-02-17,대구,user5908@example.com
1871,정재연,,1986-10-22,2022-09-20,대전,user1871@example.com
1740,안하도,F,,2022-01-15,서울,
1432,안하성,M,1996-10-15,2021-07-28,광주,user1432@example.com
2034,이지도,여,2005-07-13,2023-01-28,광주,user2034@example.com
2655,정준성,남,1994-08-28,2023-02-08,서울,user2655@example.com
4625,권우경,M,1994-03-29,2021-01-15,고양,user4625@example.com
4155,안성민,F,1970-06-22,2023-06-17,광주,user4155.com
4476,한준하,남,1997-03-02,2020-12-14, 고양,user4476@example.com
1239,서준성,남,1993-04-10,2020-06-18,대전 ,user1239@example.com
5594,서수민,M,1989-04-07,2023-11-23,광주,user5594@example.com
5343,강경민,M,1997-07-29,2022-08-12,광주,user5343@example.com
1397,최도아,M,1962-12-11,2021-02-03,울산,user1397@example.com
5272,전예현,여,1959-04-22,2021-09-28,고양 ,user5272@example.com
3138,한지재,F,1971-02-25,2020-12-26,수원,user3138@example.com
5354,임도선,F,1971-10-28,2021-05-09,대전,user5354@example.com
1014,권경성,F,1982-03-08,2023-04-14,대구,user1014@example.com
1559,송아우,F,1955-02-24,2023-05-28,부산,user1559@example.com
1044,이수현,여,,2022-05-06, 대구,user1044@example.com
4763,서태수,남,1992-03-23,2021-11-11,울산,user4763@example.com
4394,조은준,,1977-11-25,2020-12-01,서울,user4394@example.com
3516,신영경,남,1966-06-06,2022-05-12,광주,user3516@example.com
2090,한하하,여,,2023-01-09,인천,user2090@example.com
2499,안지서,M,1977-10-19,2024-02-02,서울,user2499@example.com
3287,안은수,F,1965-10-20,2022-04-18,고양,user3287@example.com
2456,홍재준,여,1954-09-28,2022-01-31,부산,user2456@example.com
1696,권아은,여,1995-10-25,2023-06-20,수원,user1696@example.com
1323,전도수,M,1971-05-14,2022-10-20,인천,user1323@example.com
1584,장서지,F,2000-05-05,2023-12-08, 서울,user1584@example.com
3299,송영지,,2004-06-23,2021-09-18,대구,user3299@example.com
1271,김아예,,1976-03-03,2023-04-12,울산,user1271@example.com
3635,김민선,여,,2021-03-13,수원 ,user3635@example.com
4904,송진재,여,1989-04-13,2020-03-11,고양,user4904@example.com
4581,황성진,F,1993-10-14,2023-10-31, 광주,user4581@example.com
2256,정재우,F,1979-05-02,2022-10-30, 대구,user2256@example.com
5152,전도준,남,1957-11-12,2021-06-18,울산,user5152@example.com
2681,김서선,M,2004-11-08,2023-10-08,고양,
5907,황재성,F,1985-04-23,2021-04-05,대구,user5907@example.com
1061,권서경,남,1971-08-03,2021-01-13,고양,user1061@example.com
3543,윤준우,M,1961-03-02,2022-07-08,부산,user3543@example.com
5441,윤영성,M,1993-10-31,2024-05-01,대전 ,user5441@example.com
1410,최영하,남,2005-09-17,2022-07-13,대전,user1410@example.com
2892,송도준,M,2001-07-01,2020-05-01,고양,user2892@example.com
1884,안준선,,1961-04-29,2020-05-11,인천,user1884@example.com
1534,오성수,여,1978-02-26,2023-05-21,고양,user1534@example.com
2230,안하연,M,1977-07-27,2024-06-05,인천,user2230@example.com
2548,임은태,M,1982-05-06,2022-01-09,대구,user2548@example.com
2146,한영도,F,1977-05-02,2020-02-12, 울산,user2146@example.com
2804,박영지,남,1973-02-23,2021-07-27,대구,user2804@example.com
3271,조영선,남,1998-03-28,2021-11-07,수원,user3271@example.com
4328,윤현현,M,1987-10-05,2024-01-25, 부산,user4328@example.com
2797,최현지,M,1981-07-03,2024-06-06,울산,user2797@example.com
5793,강우은,F,1999-12-26,2021-04-23,광주,user5793@example.com
4832,안지준,남,1955-05-24,2022-01-08,서울 ,user4832@example.com
4703,전서영,남,1964-09-07,2021-03-30,수원,user4703@example.com
2316,권영진,F,1982-10-30,2021-11-04, 광주,user2316@example.com
2085,안서우,남,1979-05-07,2023-12-12,울산,user2085@example.com
1268,서서아,남,1970-04-16,2024-01-12,광주,user1268@example.com
5891,오하아,여,1991-11-25,2022-06-26,서울,user5891@example.com
4960,전우재,남,1985-09-22,2020-06-21,수원,user4960@example.com
5873,오도성,남,2003-09-16,2022-05-03,대전,
5136,홍영성,여,1956-11-02,2020-11-06,부산,user5136@example.com
3912,임연수,여,1968-03-16,2024-05-29,대구,user3912.com
3580,윤예태,남,1974-10-03,2024-03-06, 수원,user3580@example.com
5458,박준진,F,1979-05-28,2021-10-12,광주,user5458@example.com
1396,김도진,,1968-06-04,2022-11-28,부산,user1396@example.com
5832,윤태태,남,2001-05-30,2021-04-26,세종,user5832@example.com
4422,서영재,M,1995-04-10,2024-02-14,대구,user4422@example.com
5138,송지민,M,1993-04-24,2022-04-03,고양,user5138@example.com
4936,한영서,M,1973-04-22,2022-01-28,인천,user4936@example.com
2199,서아도,M,1971-10-28,2022-08-24, 고양,user2199@
2486,최선성,F,1955-12-27,2021-10-31, 인천,user2486@example.com
5919,한수우,여,1970-06-16,2021-02-18,서울,user5919@example.com
2984,서하연,여,1967-01-24,2023-11-26,서울,user2984@example.com
1473,임우민,,2004-08-22,2020-04-23,서울 ,user1473@example.com
5624,윤재경,F,1990-12-14,2020-09-30,광주,user5624@example.com
1544,안연아,M,1955-09-02,2022-11-28, 인천,user1544@example.com
4744,정도은,F,1966-11-09,2022-07-04,부산,
5711,황진도,남,1991-06-16,2022-08-22,서울,user5711@example.com
3955,홍경하,F,2002-03-13,2020-02-29,서울,user3955@example.com
4839,홍하진,M,1975-05-04,2022-07-17,대전,user4839@example.com
3431,한민영,F,2001-11-16,2021-05-08,고양,user3431.com
1146,김수도,F,,2021-08-16,인천,user1146@example.com
5147,송재도,M,1962-10-15,2021-07-13,고양,user5147@example.com
4786,최예지,여,1977-12-14,2023-08-24,서울,user4786@example.com
4820,박성은,M,1990-01-30,2022-04-06,인천,user4820@example.com
3569,전현하,M,1970-05-17,2024-02-28,부산,user3569@example.com
4722,황준수,남,1962-11-02,2020-03-05,광주,user4722@example.com
1530,오태진,F,1981-01-22,2020-03-30,부산 ,user1530@example.com
1713,황도태,F,1997-11-05,2020-08-19,인천,user1713@example.com
2272,전영우,M,1967-03-19,2023-01-03,인천,user2272@example.com
5079,황지서,,1988-06-17,2021-09-04,서울,user5079@example.com
4566,장성우,F,1982-08-09,2020-06-25,대구 ,user4566@example.com
2175,조우수,여,1999-11-30,2021-09-16, 서울,user2175@example.com
3590,이영성,M,1978-07-12,2022-01-19,서울,user3590@example.com
3347,황우은,F,1987-12-14,2022-01-01,인천,user3347@example.com
2106,정민도,남,1987-11-15,2022-06-17, 수원,user2106@example.com
2224,장도수,F,1990-05-02,2023-02-17,광주,user2224@example.com
4790,박민연,남,,2020-05-24,서울,user4790@example.com
4873,임서예,여,2000-08-24,2022-08-28,부산,user4873@example.com
1531,최서예,M,1967-08-17,2024-01-22,고양,user1531@example.com
3957,임재도,남,1978-01-20,2020-03-30,대전,user3957@example.com
5566,권예수,M,1967-07-15,2021-07-08,수원,user5566@example.com
2839,오재현,남,1971-07-09,2020-01-19,고양,user2839@example.com
5827,한하선,F,2000-09-03,2021-09-15, 고양,user5827@example.com
4412,정연지,여,,2023-02-10,서울,user4412@example.com
4646,서태경,M,1991-06-23,2022-07-19,광주,user4646@example.com
3739,조태수,남,1980-06-21,2022-05-08,광주,user3739@example.com
1359,권도태,M,1960-02-09,2020-10-20,서울,user1359@example.com
1158,한은성,여,1986-01-13,2023-10-27,인천,user1158@example.com
5560,임우태,M,2000-10-21,2020-01-22,부산 ,user5560@example.com
1197,박선현,M,1968-12-02,2024-04-30, 인천,user1197@example.com
1720,박하하,F,2005-11-16,2023-10-02,서울 ,user1720@example.com
2129,서수지,여,1982-08-19,2023-10-11,부산,user2129@example.com
5496,조태준,F,1975-11-27,2023-02-17,서울,user5496@example.com
2893,권은지,F,2004-12-16,2022-04-04, 인천,user2893@example.com
1729,신민은,여,1997-03-28,2024-06-02,서울,user1729@example.com
5690,김하수,남,1979-01-09,2021-11-17, 서울,user5690@example.com
3946,오아예,M,1977-05-04,2022-06-14,고양,user3946@example.com
1214,권하재,M,1995-05-11,2021-04-21,대구,user1214@example.com
5674,안아경,여,1975-10-18,2023-12-19,인천,user5674@example.com
1390,권은은,남,1990-12-14,2024-06-10,대구,user1390@example.com
5031,한성진,남,1982-09-06,2022-06-17,울산,user5031@example.com
1757,윤은예,여,1982-07-10,2020-12-29,고양 ,user1757@example.com
4950,윤지우,남,1984-08-07,2024-06-25,서울,user4950@example.com
2544,정준은,F,1983-06-28,2020-03-20, 부산,user2544@example.com
4464,윤영도,M,1978-12-08,2024-06-06, 서울,user4464@example.com
3406,윤준경,M,1981-08-28,2020-08-02,서울,user3406@example.com
5651,홍예연,M,1970-03-16,2022-11-22,수원,user5651@example.com
5037,서지진,F,1970-04-07,2023-11-14,대구,user5037@example.com
5283,장지진,M,2004-01-26,2024-06-13,서울,user5283@example.com
2591,조태서,여,1995-09-07,2023-10-20,울산,user2591@example.com
4024,윤지은,남,1968-06-22,2021-03-06,부산,user4024@example.com
3324,권서도,,1968-06-04,2020-07-13,울산,user3324@example.com
5574,권도성,여,1977-04-20,2020-04-03,부산,user5574@example.com
2042,장선수,여,,2024-03-23,부산,user2042@example.com
3951,한예민,여,2005-02-28,2022-04-17,서울,user3951@example.com
3239,송민지,M,1968-08-05,2023-02-06, 대전,user3239@example.com
1924,정재영,M,1963-04-05,2020-08-16,울산,user1924@example.com
3460,조서민,여,1966-12-03,2020-07-04,고양,user3460@example.com
3672,송선연,여,2002-09-20,2022-11-15,인천,user3672@example.com
5629,윤영진,F,,2021-06-08,세종,user5629@example.com
1512,안재태,남,1960-11-02,2023-01-31,광주,user1512@example.com
4390,강아서,남,1979-05-18,2021-08-11,수원 ,user4390@example.com
5140,권성성,M,1987-12-23,2023-12-12,인천,user5140@example.com
3754,홍경재,여,,2020-08-01,인천 ,user3754@example.com
1068,이연우,,1967-06-04,2022-09-28,대전,user1068@example.com
3819,권태도,M,1988-02-27,2021-10-02,부산,user3819@example.com
2822,조태진,남,1969-08-13,2022-05-01,서울,user2822@example.com
1218,장하성,여,1982-11-09,2021-08-15,대구,user1218@example.com
2939,정아준,F,,2023-11-12,광주,user2939@example.com
1211,권민준,남,1975-11-01,2022-03-20,수원,
1203,신영예,남,1975-06-30,2022-02-25,부산 ,user1203@example.com
5903,권우준,,1964-10-09,2023-10-24,수원 ,user5903@example.com
2705,송선연,남,,2023-05-27,대구,user2705@example.com
5418,권연지,F,,2023-04-12, 대전,user5418@example.com
4386,황하재,F,1964-12-25,2023-06-19,인천,user4386@example.com
4364,최민수,남,1974-04-09,2023-04-06,수원,user4364@example.com
3315,김진지,F,2002-03-15,2022-04-09,서울,user3315@example.com
5689,권진수,F,1973-06-25,2020-02-06, 고양,user5689@example.com
2640,권민선,여,2001-11-21,2022-12-20, 서울,user2640@example.com
4823,최은경,남,2004-04-09,2023-05-29,부산,user4823@example.com
4755,조영아,남,,2020-07-06,수원,user4755@example.com
5331,강우아,여,1974-06-11,2021-02-17,서울,user5331@example.com
3535,홍아영,,,2022-09-08,대전,user3535@example.com
3557,송연도,,1976-03-30,2020-08-27,인천,user3557@
4928,신은서,남,,2023-06-09,대전,user4928@example.com
1166,조준연,F,1962-03-06,2022-04-13,부산,user1166@example.com
2883,안수진,남,,2021-01-27,서울,user2883@example.com
5455,이은태,여,1997-08-22,2020-10-04,서울,
4533,홍선재,남,1972-11-10,2021-11-25,서울,user4533@example.com
5444,권현현,M,1980-04-09,2023-06-17,부산,
1664,오진태,M,1989-06-22,2022-12-30,인천,user1664@example.com
1310,신태우,남,1954-10-06,2023-05-01,부산 ,user1310@example.com
2615,최준도,M,1972-09-14,2021-10-25,서울,
5779,이영경,F,1993-07-09,2021-04-18,서울,user5779@example.com
5269,한태수,M,2000-03-31,2020-09-29,대구,user5269@example.com
5877,장경민,F,1999-04-06,2020-10-17,수원,user5877@example.com
4999,한도아,M,1980-02-19,2023-11-12,고양,user4999@example.com
2881,강우태,,1997-06-18,2022-06-28, 광주,user2881@example.com
5190,장성태,M,,2020-12-29, 서울,user5190@example.com
5713,임준서,F,1999-08-02,2021-05-17,대구,user5713@example.com
5695,안영서,,1966-07-30,2020-09-12,서울 ,user5695@example.com
5128,한지재,M,2003-03-04,2024-02-16,고양,
4136,오영연,F,,2022-05-23, 세종,user4136@example.com
2489,한은재,남,1968-01-01,2023-01-21,서울,user2489@example.com
5588,서성민,M,1974-01-14,2022-12-31,서울,user5588@example.com
2381,강영하,M,1982-01-06,2023-08-04,대구,user2381@example.com
1921,오도준,여,1984-02-14,2021-09-11,대전,user1921@example.com
2868,김재하,남,2003-05-11,2023-06-11, 서울,user2868@example.com
3122,오수태,여,1994-07-03,2023-05-05, 세종,
5842,이서민,M,2001-01-23,2021-05-10,서울,user5842@example.com
4830,송성은,M,1971-10-15,2023-08-29,울산,user4830@example.com
1633,윤서은,F,,2020-06-08,울산,user1633@example.com
1870,임수서,M,1963-06-16,2021-03-08,서울,user1870@example.com
3642,정성서,,,2022-03-13,인천,user3642@example.com
1007,신하태,F,1957-09-15,2020-11-17,수원,user1007@example.com
1115,오영영,,1983-03-18,2022-01-27,광주,user1115@example.com
3943,최우성,남,1971-01-29,2021-12-10,수원,user3943@example.com
2464,송우아,M,1967-01-01,2020-09-25,광주,user2464@example.com
1334,임태선,,1968-10-12,2020-02-22,수원,user1334@example.com
4000,황수지,남,1983-07-20,2020-11-10,대구,user4000@example.com
1156,박연재,F,1989-05-22,2022-03-11, 세종,user1156@example.com
3043,권재민,여,1974-10-20,2022-05-19,고양,user3043@example.com
4408,신영준,여,1973-09-11,2021-04-11,대전,user4408@example.com
5525,임민영,여,1978-06-07,2021-12-24,수원 ,user5525@example.com
1811,송현경,여,1989-02-19,2023-04-07,서울 ,user1811@example.com
1199,홍성태,M,1968-03-08,2023-02-24,인천 ,user1199@example.com
1532,최은우,M,1964-04-20,2023-05-21,울산,user1532@example.com
3868,송영수,M,1996-12-09,2021-01-26,대전 ,user3868@example.com
2528,김재수,F,1961-02-11,2023-10-30,서울,user2528@example.com
2656,안아하,M,1972-04-05,2020-05-03,수원,user2656@example.com
1505,임지현,남,1984-10-31,2020-10-20,대전 ,user1505@example.com
5581,홍준진,남,1956-12-14,2021-03-13, 수원,user5581@example.com
2168,홍성예,남,1987-08-18,2023-05-25,세종,user2168@example.com
1257,박연은,M,,2023-07-31,세종,user1257@example.com
2210,서우준,M,1956-09-28,2020-01-27, 부산,user2210@example.com
3061,오진성,여,1995-10-12,2020-09-18,서울,user3061@example.com
1325,정우연,,,2022-08-06,울산,user1325@example.com
2163,한수선,남,1959-07-10,2022-10-15,대구,user2163@example.com
4721,오서현,남,1976-03-25,2024-05-08,울산,user4721@example.com
4460,장경진,M,2002-07-09,2022-02-02,부산,user4460@example.com
2891,정아연,F,1960-03-22,2021-06-14,울산,user2891@example.com
2297,신도진,,,2022-02-11,부산 ,user2297@example.com
2772,윤현경,M,1978-02-21,2020-02-18,서울,user2772@example.com
3040,강진준,M,1971-11-23,2023-05-10,부산,
5337,조민우,남,1982-09-07,2023-03-21,고양,user5337@example.com
3918,안수지,F,2004-09-09,2020-08-15, 서울,user3918@example.com
1434,장서준,,1990-05-14,2020-03-25,서울,user1434@example.com
4630,임현선,F,1995-10-18,2023-12-08,울산,user4630@example.com
2153,전서은,F,1978-04-12,2023-10-26,서울,user2153@example.com
2676,박연연,F,2000-01-31,2020-08-10,광주,user2676@example.com
2177,최아하,남,1955-11-29,2020-05-04,대전,user2177@example.com
2080,전아성,M,1964-10-06,2021-03-20,서울,user2080@example.com
4294,최진아,여,1973-04-28,2022-12-01,고양,user4294@example.com
3788,김영예,여,1986-07-11,2020-03-08,대구,user3788@example.com
3367,최아준,M,1962-06-15,2022-06-07,고양,user3367@example.com
2864,안하도,남,1957-05-07,2024-05-20,인천,user2864@example.com
2728,장경도,F,1993-02-18,2022-10-01,광주,user2728@example.com
2951,서영현,,1970-01-28,2021-10-28,대구,user2951@example.com
3225,서도현,F,1971-08-15,2023-07-03,대구 ,
4353,권성수,F,1960-08-21,2021-11-13,고양,user4353@example.com
3855,이재아,F,1984-05-22,2022-05-25,고양 ,user3855@example.com
3209,박서민,F,1991-07-04,2022-05-04,울산,user3209@example.com
4456,황서수,여,1976-05-14,2023-12-16,서울,user4456@example.com
5094,홍태성,여,1965-12-12,2022-01-20,울산,user5094@example.com
1824,서도선,남,1983-04-25,2020-07-19,부산,user1824@example.com
5686,전태연,남,1959-08-27,2023-12-03,광주,user5686@example.com
2106,정민도,남,1987-11-15,2022-06-17, 수원,user2106@example.com
1345,강연예,남,1999-08-05,2022-07-25,광주 ,
3962,홍우진,여,2006-06-19,2020-03-16,서울,user3962@example.com
2828,서지태,F,1973-03-12,2022-02-27,서울,user2828@example.com
4384,황태진,여,,2020-07-01,수원,user4384@example.com
2180,서서서,남,1983-03-04,2021-11-12,수원,user2180.com
2127,서현은,F,1954-01-06,2024-02-18,수원,
3753,신준선,,,2022-09-14,부산,user3753@example.com
3607,강연하,F,1969-01-30,2021-11-10,서울,user3607@example.com
3466,조선수,여,1978-03-24,2024-06-29,광주,user3466@example.com
2205,전수하,여,1962-10-12,2022-04-27,서울,user2205@example.com
1716,한우태,M,2004-12-30,2023-02-18, 대구,user1716@example.com
4068,박우민,남,1996-11-21,2020-10-24,대전,user4068@example.com
2193,권태태,남,1983-02-28,2020-08-03,서울,user2193@example.com
3592,한하준,여,1993-09-26,2023-07-06,대전,user3592@example.com
5573,송성하,여,1966-09-17,2024-03-31,대전,user5573@example.com
2723,권성서,M,1992-06-19,2024-01-15,서울,user2723@example.com
4110,한하현,M,1958-07-18,2022-10-16,수원,user4110@example.com
5650,윤진우,여,1954-12-02,2021-02-20,고양,user5650@example.com
5884,김지지,M,1977-10-15,2021-02-14,수원,user5884@example.com
1689,황경연,남,1985-10-01,2024-04-09,서울,user1689@example.com
1859,안하선,M,1993-06-04,2024-06-24,인천,user1859@example.com
4889,안성현,M,1987-09-19,2021-10-13,울산,user4889@example.com
5900,조현경,M,2003-02-20,2021-08-21,수원,user5900@example.com
1782,박선영,남,1990-05-03,2023-06-02,부산 ,user1782@example.com
5726,이선재,F,1985-04-15,2021-02-23, 서울,user5726@example.com
4600,장아현,F,1977-12-05,2022-11-20,수원,user4600@example.com
2155,오수현,F,1977-08-18,2022-02-13,고양,user2155@example.com
3615,신경지,M,1971-03-19,2021-05-11,대전,user3615@example.com
5417,최재현,,1970-11-14,2021-01-07,수원 ,user5417@example.com
1091,안현우,여,1997-08-17,2023-09-30,대구,user1091@example.com
4921,서진재,여,1977-03-13,2022-07-05,울산 ,user4921@example.com
4596,조재연,,1996-01-18,2020-02-21,부산,user4596@example.com
5217,조태진,,1979-12-15,2023-01-14,서울 ,user5217@example.com
4089,임재선,F,,2021-07-25,대전,user4089@example.com
5656,박은성,여,1970-05-20,2024-02-18,서울,user5656@example.com
4201,전예아,M,1999-02-06,2021-02-13,인천,user4201@example.com
2740,장도성,남,1966-02-18,2021-09-22, 서울,user2740@example.com
3994,황태성,여,2002-09-24,2023-09-16,수원,user3994@example.com
1240,박재하,M,1993-06-30,2024-03-19,서울,user1240@example.com
3166,조성준,M,1979-06-09,2021-10-10,고양,user3166@example.com
1898,이수서,여,2003-09-08,2022-01-28,인천,user1898@example.com
5422,황민하,여,1991-07-03,2021-08-04,광주,
1186,최도진,여,1990-07-10,2021-04-12,광주,user1186@example.com
1148,안경은,남,1973-12-20,2023-02-23,서울,user1148@example.com
1621,임영영,F,1981-11-09,2023-01-08, 수원,user1621@example.com
3896,신준민,F,1965-07-04,2020-10-27, 수원,user3896@example.com
5938,강경우,F,1954-02-17,2022-01-10,광주,user5938@example.com
2800,이재영,여,1963-08-07,2020-06-28,인천,user2800@example.com
2834,장우도,남,1960-02-15,2023-10-22,수원,user2834@example.com
1002,신연준,M,2005-10-13,2021-10-28,서울,user1002@example.com
5592,이준지,여,1960-12-02,2024-06-03, 대전,user5592@example.com
4484,장은현,F,2005-07-30,2023-10-17,서울,user4484@
3473,정연재,여,1991-07-03,2021-04-12,울산 ,user3473@example.com
1741,황진서,F,2006-02-24,2023-09-29,서울,user1741@example.com
3471,이아재,여,2000-12-03,2022-05-29,광주,user3471@example.com
3364,황아은,F,2004-01-11,2021-02-12,광주,user3364@example.com
4014,임서서,남,1972-11-02,2023-12-02, 서울,user4014@example.com
5699,김예수,여,1959-05-04,2023-06-19,인천,user5699@example.com
2974,오은진,F,1960-10-25,2023-04-10,인천,user2974@example.com
3371,안우우,남,1971-04-11,2021-03-31,부산,user3371@example.com
2325,최서준,F,1957-11-16,2022-01-22,인천,user2325@example.com
4705,한재도,남,1962-12-30,2021-12-14, 대전,user4705@example.com
2294,홍선민,M,1959-06-12,2021-02-06,고양,user2294@example.com
2908,김예선,F,1992-08-04,2024-06-11,서울,user2908@example.com
4715,강서태,남,2000-09-07,2021-09-24,광주,user4715@example.com
1013,황우아,M,2002-11-18,2021-09-30, 수원,user1013@example.com
3830,전성경,M,1982-12-02,2021-09-26, 부산,user3830@example.com
1452,임영우,여,1996-06-11,2023-06-04,인천,user1452@example.com
3191,장연하,,1959-04-21,2024-06-23,대전,user3191@example.com
3067,전영은,여,2005-12-31,2024-06-09,고양,
2251,장태지,F,1961-06-27,2023-07-22,울산,user2251@example.com
3033,신민연,여,1989-10-29,2020-11-03,대구,user3033@example.com
3602,황도현,M,1966-10-11,2020-09-22,서울,user3602@example.com
4194,권수서,여,1964-08-15,2023-05-02,부산,user4194@example.com
3540,강지예,남,1968-10-24,2021-09-10,고양,user3540@example.com
4320,이은도,F,1955-11-26,2023-01-26,고양,user4320@example.com
4020,조우경,M,1979-05-18,2020-10-11, 서울,user4020@example.com
2741,권영영,F,1960-01-02,2023-08-28,광주,user2741@example.com
2600,조진우,F,1971-05-14,2023-08-11,고양,user2600@example.com
3507,서재현,남,1987-10-04,2022-10-07,인천,user3507@example.com
5837,이준경,M,1957-08-18,2023-02-26,광주,
4501,서아우,F,1975-10-23,2020-10-12, 대구,user4501@example.com
2075,최연지,남,1987-10-25,2020-11-15,대구,user2075@example.com
5777,권연지,F,1956-01-29,2020-03-25,인천,user5777@example.com
2367,임경서,M,1973-09-15,2020-02-06, 인천,user2367@example.com
3463,오은성,M,1993-08-10,2023-12-26,서울,user3463@example.com
2137,윤예지,F,1990-12-08,2024-02-25,고양,user2137@example.com
5200,신선태,남,1998-09-30,2023-01-12,광주,user5200@example.com
5512,박예수,F,1958-09-25,2022-09-03, 고양,user5512@example.com
3916,서재도,여,1957-10-02,2023-12-17,수원,user3916@example.com
5134,홍예성,여,1980-12-28,2021-07-05,수원,user5134@example.com
4230,안도경,남,1954-12-16,2020-06-14,부산 ,user4230@example.com
1404,임연태,M,1981-08-21,2022-07-13,서울,user1404@example.com
1803,전준연,여,1972-02-17,2020-09-11,수원,user1803@example.com
4833,신연성,M,1966-01-30,2023-02-03,서울,user4833@example.com
4612,서태하,M,2000-03-14,2020-04-12,광주,user4612@example.com
1548,한태예,남,1990-11-21,2022-04-25,고양,user1548@example.com
2215,박영은,남,1973-06-22,2023-06-28, 부산,user2215@example.com
2861,강선은,F,1984-04-16,2023-05-23,부산,user2861@example.com
2373,장태준,남,1956-02-13,2022-01-12,서울,user2373@example.com
5479,한진영,M,1997-07-13,2024-05-22,서울,user5479@example.com
2957,한민아,남,,2023-02-26, 부산,user2957@example.com
1303,송진준,여,,2020-02-17,서울,user1303@example.com
1411,정선민,M,2001-08-09,2021-04-02,부산,user1411@example.com
5182,박태민,M,2002-02-11,2022-04-05,대전,user5182@example.com
4575,신준진,F,1967-09-10,2021-11-08, 인천,user4575@example.com
1304,한은영,M,2002-10-15,2022-09-02,서울 ,user1304@example.com
5774,강준태,여,1995-02-25,2021-08-24,부산,user5774@example.com
1814,황은은,M,1980-09-26,2020-10-01,서울,user1814@example.com
5541,서민우,여,1990-06-01,2022-12-31,고양,user5541@example.com
1428,김도수,남,1970-09-16,2024-04-13,서울,user1428@example.com
3747,안우지,여,1963-05-29,2020-12-04,광주 ,user3747@example.com
2290,정영우,남,1999-01-21,2020-12-27,광주,user2290@example.com
2608,정태현,F,1974-10-04,2021-09-01, 대구,user2608@example.com
5567,권서하,여,2005-12-30,2020-09-10,대전,user5567@example.com
5367,박진예,F,1997-02-12,2023-08-22,서울 ,user5367@example.com
4769,조재예,F,1995-03-22,2020-06-11,서울,user4769@example.com
2084,정우아,여,2004-01-08,2022-04-24,대전,user2084@example.com
5538,안진현,M,1981-05-22,2023-12-24,대구,user5538@example.com
3004,황예성,여,1960-12-01,2021-06-11,세종,user3004@example.com
2648,홍지은,여,2004-06-16,2021-05-05,서울,user2648@example.com
1465,홍우민,F,1996-08-16,2022-12-25,고양,user1465@example.com
3547,오은지,여,1986-06-10,2020-07-16,고양 ,user3547@example.com
4314,장서지,M,1967-09-01,2024-04-17,인천 ,user4314@example.com
4017,정우성,F,2006-12-30,2020-11-05,대구 ,user4017@example.com
3358,서연민,M,1972-12-04,2021-07-11,울산,user3358@example.com
5558,황선연,M,2006-06-27,2021-07-30,수원,user5558@example.com
5277,황도현,M,1987-06-20,2020-11-18,서울,user5277@example.com
2045,최우경,남,1992-10-12,2023-03-09,고양,user2045@example.com
2201,임경준,남,1997-03-17,2023-07-02,대전 ,user2201@example.com
3659,최민서,F,1985-01-26,2023-06-20,인천,user3659@example.com
3910,박영지,여,2001-09-17,2023-10-12,서울,user3910@example.com
4771,조우현,남,1968-04-17,2024-01-30,서울,user4771@example.com
4318,강지은,F,1956-04-02,2023-03-11,서울,user4318@example.com
1180,전은지,여,1958-11-13,2020-02-21,서울,user1180@example.com
5157,조영수,M,1983-02-13,2021-03-03,고양,user5157@example.com
1087,조성하,,1969-10-29,2023-01-02,광주,user1087@example.com
1486,조예현,M,1978-11-19,2021-08-30,광주,user1486@example.com
3182,서연연,F,1982-09-11,2022-07-01,고양,user3182@example.com
1823,신민서,남,1978-10-06,2022-09-05, 대구,user1823@example.com
5158,최은태,M,1971-10-01,2024-06-10,대구,
4019,권하재,여,1985-07-08,2020-01-30, 광주,user4019@example.com
1216,이재태,F,1978-03-12,2020-06-14,수원 ,user1216@example.com
3090,송성서,F,,2021-10-05,대전,user3090@example.com
5734,안수민,F,1977-03-01,2021-05-11, 대구,user5734@example.com
3938,전선수,F,1961-01-01,2020-03-02,고양,user3938@example.com
5187,정진우,남,2004-10-30,2020-06-20,부산,
2788,임하현,M,1994-03-09,2023-06-10,서울,user2788@example.com
4929,권은재,M,1967-08-07,2020-05-16,울산,user4929@example.com
2229,강경경,남,1971-06-18,2023-12-09,울산,user2229@example.com
5788,조경하,여,1962-01-22,2022-11-22,부산,user5788@example.com
2747,윤연현,남,1988-03-25,2021-08-06,서울,user2747@example.com
2500,한연은,남,1985-09-13,2021-05-04, 서울,user2500@example.com
2645,강도우,M,1969-02-25,2020-01-31,고양,user2645@example.com
3862,안서지,F,1991-02-09,2022-09-12, 고양,user3862@example.com
1387,안진경,여,1961-01-02,2023-08-14,세종 ,user1387@example.com
2904,조아재,여,2001-07-05,2021-03-27,대구,user2904@example.com
1188,정서예,M,1974-10-22,2020-05-17,서울,user1188@example.com
4256,최도예,F,1958-05-30,2022-10-03, 대구,user4256@example.com
2767,임영영,,1967-10-24,2020-01-03,대전 ,user2767@example.com
4389,신도수,남,1966-05-13,2021-08-22,세종,user4389@example.com
3771,김도하,M,2005-04-05,2023-03-29,수원,user3771@example.com
3296,최지민,여,1991-07-16,2021-04-20, 인천,user3296@example.com
5442,신예준,여,1954-08-25,2021-05-07,서울,user5442@example.com
1526,전준연,F,1979-10-12,2021-12-11,서울,user1526@example.com
1980,오경서,F,1981-03-08,2023-11-24,고양,user1980@example.com
5817,조은준,여,1992-11-02,2023-07-22,서울,user5817@example.com
5556,최현아,남,2006-04-02,2023-09-15,서울,user5556.com
2845,서지지,남,1965-01-21,2023-01-13,서울,user2845@example.com
1034,송현민,F,1982-03-26,2023-03-20,수원,user1034@example.com
4671,이성성,남,1972-10-29,2020-07-07,광주,user4671@example.com
4181,최연아,M,,2023-08-04,수원,user4181@example.com
5857,서아예,F,1998-09-27,2020-06-21,서울,user5857@example.com
2594,권현경,F,1977-03-30,2022-02-21,대구,user2594@example.com
4758,이도서,여,,2023-03-28,수원,user4758@example.com
3350,한연우,M,2006-01-19,2023-07-16,대구,user3350@example.com
1789,김민준,남,1985-08-10,2022-12-28,울산,user1789.com
3502,황아예,남,1979-08-24,2022-08-02,수원,user3502@example.com
4446,조영도,남,1980-03-07,2020-03-20,부산,user4446@example.com
5823,홍지연,여,1994-02-23,2023-02-21,부산,
4160,박은준,여,1975-01-31,2020-01-02,부산,user4160@example.com
3175,황경준,여,1995-07-12,2020-12-20,수원,user3175@example.com
4670,박민서,F,1954-09-01,2024-02-15, 수원,user4670@example.com
5694,권도민,남,1957-09-03,2021-01-16,인천,user5694@example.com
3636,조선도,남,2002-10-15,2022-08-11,서울,user3636@example.com
5028,신연영,M,1970-07-30,2021-02-15,서울,user5028@example.com
5358,신영예,여,2006-04-20,2023-05-27,광주,user5358@example.com
5042,황태아,M,1960-11-28,2020-10-01,부산 ,user5042@example.com
5276,이재지,F,1981-02-23,2021-12-06,수원,user5276@example.com
4150,권예지,F,2003-01-20,2022-01-06,고양,user4150@example.com
1366,임성은,,1970-09-01,2022-07-01,인천,user1366@example.com
3442,김준하,F,1975-04-10,2020-01-02,대구,user3442@example.com
3732,전아서,여,1974-06-04,2021-10-24,부산 ,user3732@example.com
2254,서서진,여,2000-03-03,2021-11-19,대전,user2254@example.com
3326,조준우,F,,2020-09-10,서울,user3326@example.com
2601,권선민,여,2006-01-05,2022-01-02,대구,user2601@example.com
4521,조현현,여,1965-10-06,2020-05-01,서울,user4521@example.com
1358,이서성,M,2005-03-19,2023-07-26,울산 ,user1358@example.com
5412,조경하,여,2000-10-13,2022-02-22,인천,
2073,한아아,F,1989-09-06,2023-05-07,고양,user2073@example.com
5833,정준현,M,1966-05-14,2024-02-02,세종 ,user5833@example.com
1000,이은진,남,2000-02-24,2023-06-30,고양,user1000@example.com
3392,서선하,남,1988-05-04,2021-10-16,광주,user3392@example.com
1210,강하성,남,1985-12-16,2024-01-01,서울 ,user1210@example.com
2593,김진현,,2003-05-31,2022-05-08, 수원,user2593@example.com
1365,한진우,,1967-01-10,2022-03-16, 광주,user1365@example.com
5223,한성민,M,1972-11-09,2023-05-04,인천,user5223@example.com
3256,황태아,남,1990-08-28,2021-05-03,대전 ,user3256@example.com
5510,강현태,여,1976-09-24,2024-05-03,세종,user5510@example.com
2393,권영진,여,1975-11-03,2022-03-09,서울,user2393@example.com
3217,홍재선,F,1954-04-13,2021-02-14,서울 ,user3217@example.com
4094,전예준,여,1987-03-01,2021-06-26,인천 ,user4094@example.com
5387,이아서,여,1977-06-02,2023-03-04, 수원,user5387@example.com
5683,이우준,남,1986-08-11,2024-05-04,고양,user5683@example.com
5114,강수지,여,1962-07-13,2023-05-17,서울,user5114@example.com
1042,권태선,,,2023-09-09,부산,user1042@example.com
5213,권연아,,1958-03-21,2021-05-23,서울,user5213@example.com
3006,장현선,남,1963-05-16,2020-11-25, 대구,user3006@example.com
2758,오우성,F,1984-08-14,2023-01-02,고양,user2758@example.com
2651,김경민,F,1962-03-09,2020-03-09,광주,user2651@example.com
5058,정민민,F,1963-05-25,2023-10-18,광주,user5058.com
5680,조민현,여,1983-04-27,2021-04-05, 인천,user5680@example.com
5321,장서태,남,2002-07-30,2023-11-20,고양,user5321@example.com
4993,강준재,여,1966-05-27,2023-07-15,수원,user4993@example.com
2300,황영태,F,1966-12-11,2023-10-19,부산,user2300@example.com
3999,신서연,F,1957-02-18,2020-04-18,인천,
5260,정재연,여,1964-02-29,2021-04-28, 부산,user5260@example.com
4864,서도도,M,1959-01-12,2023-03-29,대구,user4864@example.com
1242,이도예,남,,2021-05-13,부산,user1242@example.com
5304,신아선,남,1980-12-28,2023-08-24, 인천,user5304@example.com
1477,김지아,여,1996-02-19,2022-09-14,서울,user1477@example.com
1054,임연성,여,1981-03-12,2021-10-14,울산,
2880,윤수지,M,1973-10-15,2021-07-19,인천 ,user2880@example.com
3831,황지하,F,1975-12-07,2020-03-10,서울,user3831@example.com
4248,박성하,F,1979-03-13,2021-11-16,서울,user4248@example.com
2072,황은연,여,1989-01-21,2020-06-09,부산,user2072@example.com
4329,전연태,F,1972-05-26,2020-10-13,서울,user4329@example.com
2495,장연경,남,1991-12-22,2023-03-11,대구,user2495@example.com
1047,송선아,남,1965-01-17,2021-12-01,울산,user1047@example.com
2583,장현수,F,1980-10-15,2021-11-18,인천,user2583@example.com
3254,강민영,남,1979-08-17,2022-03-06,서울,user3254@example.com
3959,임서지,여,1989-11-04,2021-12-02,부산,user3959@example.com
1282,신준민,M,1992-01-01,2023-03-15,서울,user1282@example.com
1008,정경수,남,1964-05-13,2024-06-27,서울,user1008@example.com
5313,이예수,M,1961-10-19,2024-04-30,서울 ,user5313@example.com
3419,장현경,남,1978-02-08,2022-08-25,광주,user3419@example.com
5015,박연진,M,1995-11-30,2024-06-01,대구,user5015@example.com
1613,윤지수,M,2000-04-12,2023-05-18,대구,
4127,전하연,여,1985-01-03,2023-07-02,서울 ,user4127@example.com
2703,최예수,,1971-01-12,2023-09-07,대전,user2703@example.com
1566,정성은,여,1998-04-09,2022-10-05, 고양,user1566@example.com
4922,임선우,M,1993-02-14,2020-08-01, 수원,user4922@example.com
3497,송예도,F,,2024-04-19,인천,user3497@example.com
2130,장아우,M,1979-10-21,2020-08-17,수원,user2130@example.com
2516,임하연,M,,2022-07-20,수원,user2516@
5548,한경성,M,1985-02-09,2020-06-11,고양,user5548@example.com
1857,이태우,M,1987-05-01,2022-03-12,대구 ,user1857@example.com
4688,홍연지,남,,2022-07-19, 수원,user4688@example.com
5602,조도성,M,,2023-07-01,수원,user5602@example.com
3114,권민태,남,1975-11-24,2021-01-07,인천 ,user3114@example.com
3029,조도영,F,1957-10-19,2021-02-20,부산,user3029@example.com
5887,한경재,남,1983-03-11,2021-04-30, 부산,user5887@example.com
5502,홍재은,,1979-05-28,2020-11-01,대구,user5502@example.com
1940,신재태,여,1987-02-22,2024-06-03,수원,user1940@example.com
3096,전진서,여,1962-04-15,2020-12-24,서울,user3096@example.com
3330,이수서,남,2004-02-14,2022-04-01,서울,user3330@example.com
3163,전도도,F,1987-09-16,2023-05-27,서울,user3163@example.com
3618,신하재,여,1961-05-06,2023-02-01,수원,user3618@example.com
3841,권수아,,1984-05-11,2023-07-04,인천 ,user3841@example.com
4585,정선서,,1964-07-02,2021-06-14,광주,user4585@example.com
4065,오현아,남,1974-10-26,2021-10-09,서울,user4065@example.com
4255,최진연,M,1965-08-26,2022-04-06,부산,user4255@example.com
4764,장성지,M,1999-08-08,2021-05-15,서울,user4764@example.com
3627,김은재,여,1966-05-04,2020-09-14,수원,user3627@example.com
4783,황도태,F,2004-10-11,2021-10-15,부산 ,user4783@example.com
1023,전연현,남,,2022-07-16,광주,user1023@example.com
4487,홍태선,여,1967-10-17,2023-07-19,고양,user4487@example.com
2360,이도우,M,1992-10-02,2020-07-20,광주 ,user2360@example.com
5430,전민서,M,,2022-05-24,서울 ,user5430@example.com
2871,정영민,M,,2024-04-15,인천,user2871@example.com
4249,윤경예,여,1960-10-02,2023-12-12, 서울,
1603,박수서,여,,2021-02-21,서울,user1603@example.com
5836,박성예,M,1977-01-29,2024-06-11,부산 ,user5836@example.com
1151,강성수,F,1962-06-05,2020-03-12, 서울,user1151@example.com
4184,서재현,F,1991-01-27,2023-06-09,서울,user4184@example.com
5477,윤경현,남,1994-11-13,2023-10-04,대구,user5477@example.com
5228,조현하,여,1972-02-16,2024-01-04, 대구,
3464,임우하,여,1962-09-10,2022-05-12,수원,user3464@example.com
4766,신영연,남,2002-11-17,2023-07-03,서울,user4766@example.com
1086,이경도,여,,2024-03-27,광주,user1086@example.com
4202,황예하,,1969-01-19,2023-04-04,대구,user4202.com
4185,전영경,남,1958-04-27,2022-09-30,수원,user4185@example.com
2787,이지진,M,1954-07-17,2023-03-22, 서울,user2787@example.com
3340,장영우,여,1994-02-07,2020-06-16,대전,user3340@example.com
5552,이우재,남,1991-06-06,2022-05-13,부산,user5552@example.com
5789,오수은,M,1961-12-10,2021-01-22, 서울,user5789@example.com
3228,강하선,F,,2024-03-20, 대구,user3228@example.com
1616,정우선,남,1990-05-29,2022-07-07,서울,user1616@example.com
2701,최선예,남,1966-11-05,2021-08-12,인천,user2701@example.com
1381,전선수,여,1996-10-30,2020-10-11,수원,user1381@example.com
2805,김경민,남,1972-04-16,2023-12-06, 광주,user2805.com
4025,서도재,남,2005-06-23,2023-04-23,울산,user4025@example.com
1907,최하지,M,1966-08-16,2023-08-24,고양 ,user1907@example.com
1850,홍지성,,1975-06-29,2021-01-11,세종,user1850@example.com
3756,송선준,여,1985-09-06,2023-07-12,서울,user3756@example.com
3513,황경하,F,2001-12-08,2021-05-04,울산 ,user3513@example.com
1799,장지우,남,1968-04-16,2020-10-06,대전,user1799@
4793,신지우,여,1974-02-26,2022-04-17,서울,user4793@example.com
4698,강선태,남,1962-06-05,2020-05-29,세종,user4698@example.com
5614,오경하,F,1981-09-22,2022-06-26,인천 ,user5614@example.com
3211,황연민,F,1988-01-06,2020-02-01,인천,user3211@example.com
4290,장재연,M,2000-03-18,2023-03-28,부산,user4290@example.com
2286,전선진,M,2003-11-26,2021-06-30,대전,user2286@example.com
4451,이우지,남,1994-07-03,2020-08-20,부산,user4451@example.com
5492,신현수,F,2004-05-21,2023-09-27,세종,user5492@
1931,신태도,F,1981-01-05,2020-01-26,수원 ,user1931@example.com
3378,홍하현,F,1978-04-07,2022-03-07,울산 ,user3378@example.com
4741,조경영,,1990-05-25,2020-11-24, 대구,user4741@example.com
1208,강지성,F,1989-03-27,2022-01-26,인천,user1208.com
3231,이선아,,1976-11-29,2022-05-24,고양,user3231@example.com
5796,한우진,F,1992-07-03,2023-02-20,부산,user5796@example.com
3524,이도은,F,1988-02-18,2021-02-21,수원,user3524@example.com
4516,최하진,F,1967-05-10,2020-05-11,인천,user4516@example.com
2829,홍준영,F,2005-12-28,2022-09-26,서울,user2829@example.com
3403,오은재,,1959-11-17,2022-03-20,수원,user3403@example.com
2955,장민선,남,,2020-12-23,서울,user2955@example.com
1487,한민영,남,1967-01-07,2024-06-06,서울,user1487@example.com
3155,임은지,여,1963-09-23,2020-05-04,서울,user3155@example.com
3012,최은선,여,1995-08-15,2022-12-11,인천,user3012.com
2454,오선태,남,1969-11-01,2020-08-23,부산,user2454@example.com
1475,황우성,M,1975-10-17,2023-05-28,광주,user1475@example.com
1206,황경연,여,1988-08-12,2023-03-09,서울,user1206@example.com
1709,임재민,남,1964-05-11,2021-03-30,서울,user1709@example.com
4085,윤도선,,1967-02-16,2024-01-08, 수원,user4085@example.com
4561,최서선,M,1966-10-17,2023-04-30,광주 ,user4561@example.com
4604,전경민,F,1987-11-14,2020-11-01,수원,user4604@example.com
3837,송성진,M,1961-11-08,2021-10-10,수원,user3837@example.com
4495,한은지,여,1981-12-28,2022-09-13, 수원,user4495@example.com
3770,신민아,,1974-01-19,2022-11-29,대구,user3770@example.com
1030,임경은,F,1971-06-28,2024-06-04,서울,user1030@example.com
2248,조현선,M,1975-02-11,2023-01-15,수원 ,user2248@example.com
3052,윤태영,여,1982-09-25,2020-02-27,고양,user3052@example.com
5106,박선현,M,1980-09-08,2022-04-05,인천 ,user5106@example.com
4818,서지우,F,1974-07-01,2023-12-10, 울산,user4818@example.com
5381,박예예,여,,2024-03-03,서울,user5381@example.com
1496,박영재,남,1985-12-28,2021-12-07,서울,user1496@example.com
3928,최연성,여,1959-02-27,2023-01-09,대전,user3928@example.com
4897,김우수,여,,2020-08-18,고양 ,user4897@example.com
5295,홍수은,M,1974-01-06,2021-07-08,인천,user5295@example.com
2138,권하수,M,1954-05-18,2020-05-31,대구,user2138@example.com
2352,임현은,F,1956-09-04,2020-05-20,대구,user2352@example.com
5436,신연도,F,1997-12-19,2020-09-23,수원,user5436@example.com
2268,홍민재,남,1990-03-05,2024-03-25,서울,user2268@example.com
4341,조준선,남,1959-02-11,2022-06-18, 부산,user4341@example.com
1310,신태우,남,1954-10-06,2023-05-01,부산 ,user1310@example.com
5902,서선하,남,1996-07-05,2020-09-29,대전,user5902@example.com
4128,한민우,M,1996-05-02,2021-01-15,고양,user4128@example.com
2525,김준태,남,1987-09-07,2022-01-27,울산 ,user2525@example.com
3980,권은재,남,1986-06-09,2021-06-03, 고양,user3980@example.com
4031,강태아,여,1997-12-23,2022-02-10,수원 ,user4031@example.com
4162,최현예,여,1992-01-04,2024-05-30,광주 ,
1005,송현우,F,,2020-02-17,서울,user1005@example.com
3311,이지태,남,1995-08-01,2022-04-16,인천 ,user3311@example.com
1568,서진연,F,1964-01-29,2023-07-10,서울,user1568@example.com
5334,전민예,F,1968-03-25,2022-06-16,서울,user5334@example.com
5917,강준진,M,,2023-09-29,수원,user5917@example.com
4969,서선수,F,1955-09-16,2021-10-23,광주 ,
1756,권예연,F,1989-08-22,2024-05-10,울산,
5249,윤하연,남,,2020-01-08,대구,user5249@example.com
4013,권예도,F,1955-10-16,2020-03-20,울산 ,user4013@example.com
3210,신민하,남,1978-01-22,2024-05-28, 서울,user3210@example.com
3974,김지아,여,1997-08-29,2024-01-12,서울,user3974@example.com
5026,정연예,여,1956-02-20,2023-10-14,서울,user5026@example.com
3742,한하우,F,1968-10-28,2021-08-10,부산 ,user3742.com
5744,신지도,F,1983-11-16,2020-05-12,대구,user5744@example.com
1912,윤진성,M,1973-08-19,2022-08-12,수원 ,user1912@example.com
5296,장경서,F,1979-11-09,2022-08-16,서울,user5296@example.com
1528,전서은,M,1980-07-22,2021-09-04,서울 ,user1528@example.com
4944,박도진,여,1989-06-24,2023-01-10,대구,user4944@example.com
1279,이준준,남,1966-01-16,2022-03-04,대구,user1279@example.com
4361,권민영,여,1970-08-17,2020-07-09,서울,user4361@example.com
1262,강도예,F,2006-02-16,2021-11-09,대구,user1262@example.com
5617,오진재,F,1992-10-18,2024-06-28,광주,user5617@example.com
3519,홍현선,남,2000-10-15,2021-03-21,부산,user3519@example.com
1659,강지재,남,1967-07-06,2022-08-09,세종,user1659@example.com
2361,이은예,F,1985-05-14,2024-01-11,인천,user2361@example.com
3608,한지준,M,1959-07-10,2022-09-24,수원,user3608@example.com
2276,신진진,여,1969-03-05,2022-05-05,서울,user2276@example.com
5075,김아서,F,1975-06-09,2022-10-09,울산,user5075@example.com
1142,강민하,여,1999-07-29,2023-12-25,고양,user1142@example.com
5634,박연은,여,1982-11-05,2020-11-10,인천,user5634@example.com
3538,한민성,여,1978-06-12,2023-10-03,울산,user3538@example.com
1170,박선우,F,1993-05-07,2022-10-06,서울,user1170@example.com
3575,조서영,F,1973-04-29,2020-04-18,서울,user3575@example.com
3238,임준진,여,1978-07-27,2022-09-14,광주 ,user3238@example.com
1829,김지아,여,1993-11-24,2020-02-09,서울,user1829@example.com
5669,장진경,M,1962-04-23,2020-12-26,부산,user5669@example.com
5426,강예예,남,1982-08-10,2020-07-23,광주 ,user5426@example.com
2536,최연지,남,1990-08-19,2021-05-31, 고양,user2536@example.com
3193,정지하,여,1979-04-22,2023-05-26,인천,user3193@example.com
2044,권지수,M,1978-01-09,2020-11-24,대구,user2044@example.com
3088,조선태,여,1961-04-07,2022-05-06,수원,user3088@example.com
5632,강선태,여,1971-02-15,2020-07-07,서울,user5632@example.com
4345,황영민,M,1993-07-08,2022-12-15, 인천,user4345@
5653,정우하,,1959-12-20,2024-03-24,부산,user5653@example.com
2671,오경재,M,1971-12-01,2023-12-01,수원,user2671@example.com
1497,윤예연,여,,2022-09-09,대전,user1497@example.com
5027,장준하,M,2001-08-12,2023-01-23,인천,user5027@example.com
5880,윤서경,남,1965-04-19,2022-08-28,울산,user5880@example.com
2745,홍진재,남,1994-03-23,2023-07-16, 인천,user2745@example.com
5196,오재예,M,1986-05-12,2022-07-03,고양,user5196@example.com
4824,오성하,,1984-10-05,2021-03-06,인천,user4824@example.com
5925,이재서,여,1954-06-12,2020-02-10, 대구,user5925@example.com
2477,윤진연,여,1992-04-21,2024-06-18,대전,user2477@example.com
4124,장선연,여,1969-08-07,2021-01-08,고양,user4124@example.com
3410,한서우,남,1963-04-23,2020-06-25,수원 ,user3410@example.com
2449,박경성,남,1992-12-10,2020-08-29, 수원,user2449@example.com
2826,박성영,M,1983-12-24,2023-08-24,울산,user2826@example.com
5630,박도현,여,1964-05-18,2023-09-29,대전,user5630@example.com
5267,전지우,,1998-10-19,2023-12-30,대구,user5267@example.com
5473,박우준,남,1991-01-26,2022-08-29,서울,user5473@example.com
2015,안서수,F,2005-01-16,2021-01-27,광주,user2015@example.com
4681,김수하,F,1995-07-09,2020-10-18,대전,user4681@example.com
3663,임영준,남,1976-08-24,2023-01-19,울산,user3663@example.com
1484,임성재,M,1970-12-25,2023-05-23,인천,user1484@example.com
1970,강지준,F,1968-08-18,2023-04-01,부산,user1970@example.com
4125,송선현,F,1995-04-24,2023-05-01,서울,user4125@example.com
4475,정예아,남,2005-09-08,2022-11-11,고양,user4475@example.com
1031,정태민,F,1959-02-24,2024-01-03,대구,user1031@example.com
4271,장은준,M,2006-11-12,2021-06-28,광주,user4271@example.com
5715,한영연,남,1981-02-20,2020-08-01,울산,user5715@example.com
5503,황선은,여,,2021-03-18,고양,user5503@
3558,김수도,여,1954-05-15,2023-07-10,광주,user3558@example.com
2100,임예선,F,1969-06-12,2021-03-31,광주,user2100@example.com
4236,윤예수,여,1997-07-02,2020-03-19, 부산,user4236@example.com
4970,임재민,여,1972-03-25,2021-04-04, 인천,user4970@example.com
5438,조예도,F,1972-08-05,2020-01-13,부산,user5438@example.com
5933,안서우,,1959-09-16,2023-10-16,세종,user5933@example.com
1038,강경수,F,1966-07-23,2022-06-16,부산,user1038@example.com
4885,장민서,남,1983-08-19,2020-01-19,광주,user4885@example.com
2492,김성현,M,1961-01-01,2024-02-16,인천,user2492@example.com
1126,이은태,,1991-08-12,2020-12-05,광주,user1126@example.com
3383,윤우현,남,1978-08-16,2022-08-11,인천,user3383@example.com
5499,조서영,M,1994-12-02,2021-01-29,부산,user5499@example.com
4591,강태서,F,1985-06-01,2022-04-04,부산,user4591@example.com
4048,최지진,여,1984-03-03,2020-08-01,광주,user4048@example.com
2558,홍영은,여,1978-10-10,2020-09-08,대구,user2558@example.com
2170,서우하,F,1963-10-18,2021-08-07,인천,user2170@example.com
5383,오선재,남,1956-03-19,2023-08-21,인천,user5383@example.com
5301,신수은,M,1988-05-30,2023-11-19,부산,user5301@example.com
2395,오재서,M,1988-05-23,2024-06-06,고양,user2395@example.com
3076,임우성,F,,2020-01-01,대전,user3076@example.com
5731,신아현,F,1970-04-24,2020-01-25,인천,user5731@example.com
2914,조경지,남,2006-04-10,2022-08-08,서울,user2914@example.com
1904,임예수,M,1976-10-25,2024-06-04,고양,
4347,박예예,M,1955-04-08,2020-08-22,인천,user4347@example.com
2043,윤영서,,2005-04-20,2023-09-06,인천,user2043@example.com
1429,권성수,M,1994-09-20,2020-05-15,대구,user1429@example.com
5271,한아연,F,1987-11-14,2022-05-05,서울,user5271@example.com
3274,최성지,M,2006-04-27,2024-04-04,인천,user3274@example.com
5714,김민선,F,1984-06-16,2021-11-19,수원,user5714@example.com
3099,정성선,남,1975-05-16,2023-01-14,부산,user3099@example.com
1119,박태예,F,1982-02-15,2022-05-02,대전 ,user1119@example.com
4812,신연연,F,1996-09-01,2023-06-25,수원,user4812@example.com
2326,신서경,남,2001-03-25,2023-09-25,고양 ,user2326@example.com
2576,한민서,M,2002-09-02,2023-01-15,서울,user2576@example.com
4152,최현현,M,1997-11-16,2022-06-14,광주,user4152@example.com
4734,조영진,M,1990-10-20,2021-01-28,부산,user4734@example.com
4803,김재하,여,,2021-08-08,고양,user4803@example.com
2133,황경현,남,2000-02-23,2024-01-22,대구,user2133@example.com
2866,박아재,여,1962-08-22,2024-06-07,인천,user2866@example.com
4047,황은진,F,1962-12-02,2021-02-09,고양,user4047@example.com
4040,윤우연,여,1993-04-08,2022-05-25,서울,user4040@example.com
5608,송연영,남,1961-11-28,2020-10-07,인천,user5608.com
1925,전서은,F,1954-05-25,2022-08-11,서울,user1925@example.com
4540,권예선,남,2006-06-10,2023-03-28,부산,user4540@example.com
4849,정연우,,1962-10-16,2021-05-10,수원,
2025,이성지,여,1974-08-31,2023-10-20,부산,user2025@example.com
1752,이준경,F,1982-01-09,2024-04-11,세종,user1752@example.com
3848,강성선,M,1981-01-15,2021-07-01, 부산,user3848@example.com
3142,홍예성,여,1977-04-28,2023-04-12, 수원,
2436,장도하,,1989-03-21,2021-12-05,부산 ,user2436@example.com
3826,윤선예,여,1982-08-30,2022-08-14,고양 ,user3826@example.com
3428,황하준,남,1960-02-22,2021-07-04,수원,user3428@example.com
2811,신준선,남,1986-10-10,2022-12-21, 서울,user2811@example.com
5287,안예연,남,1986-09-12,2021-11-13,부산 ,user5287@example.com
3132,한재태,여,1982-01-11,2021-11-03,서울,user3132@example.com
3534,안민은,M,1990-05-19,2022-05-12,서울,user3534@example.com
3306,조경준,M,1956-05-28,2022-02-15,서울,
4474,강서선,M,2003-03-07,2024-01-23,부산,user4474@example.com
2678,전예태,F,1977-06-21,2020-10-04,대전,user2678@example.com
3665,한수하,여,1969-06-22,2022-03-09,인천,user3665@example.com
1632,장재재,남,1963-05-08,2021-04-24,광주,user1632@example.com
5571,이성연,M,,2022-12-05,고양,user5571@example.com
3129,조은지,M,1997-06-16,2021-05-02,대구,user3129@example.com
5294,전연준,F,1957-05-22,2021-11-17,서울,user5294@example.com
5202,조은은,여,2000-10-13,2022-12-15,서울,
5006,강수아,남,1995-04-23,2023-09-02,고양,user5006@example.com
1306,조서아,남,,2020-01-09,부산,user1306@example.com
1724,황도태,남,1974-11-18,2022-01-11,서울,user1724@example.com
2222,홍경준,M,1992-09-01,2024-02-04,서울 ,user2222.com
2739,정성예,남,1997-03-28,2020-07-20,서울,user2739@example.com
1018,안민영,남,1995-05-16,2024-03-11, 서울,user1018@example.com
3077,장태태,여,1984-10-03,2021-10-31,수원,user3077@example.com
3623,전태지,여,,2020-09-26,수원 ,user3623@example.com
5578,강현하,F,1955-11-27,2020-11-30, 대구,user5578@example.com
5724,강예지,F,1996-01-17,2020-01-21,서울 ,user5724@example.com
3318,송도경,여,1983-01-28,2022-10-24,광주,user3318@example.com
5089,홍우연,남,1967-04-07,2020-12-22,수원,user5089@example.com
5014,강아태,여,1980-04-23,2024-04-07,광주,user5014@example.com
5526,김은태,남,1960-08-10,2020-05-17,서울,user5526@example.com
5380,전지수,여,1964-05-08,2024-04-13,부산,user5380@example.com
4810,정태민,여,1998-08-07,2020-08-09,인천,user4810@example.com
4866,한하서,M,1981-06-05,2023-01-26,서울,
5533,황우영,여,1980-12-04,2024-02-22,부산,user5533@example.com
5378,최예선,F,1957-10-16,2022-04-22,고양,user5378@example.com
1385,박서은,M,1955-04-05,2020-01-20,서울,user1385.com
5845,황성성,F,2004-11-18,2020-08-03,서울,user5845@example.com
3595,최영태,M,1994-10-22,2021-12-26, 광주,
5306,권도아,M,1986-08-05,2022-04-25,인천,user5306@example.com
3338,김예도,남,1974-12-28,2022-03-12,수원,user3338@example.com
4658,조재성,여,1965-10-18,2020-06-30,서울,user4658@example.com
3220,전아재,M,1994-06-30,2022-11-12,서울,user3220@example.com
3552,정재아,F,1981-04-02,2020-04-09,대구,user3552@example.com
3877,전하태,F,2003-05-07,2024-03-27,서울,user3877.com
4595,강선성,남,1965-09-17,2020-04-27,서울,
1978,윤지연,F,,2022-07-25,세종,user1978@example.com
3651,송민재,여,2004-05-13,2022-05-16,인천,user3651@example.com
3369,최서은,M,2001-11-30,2020-03-09,부산 ,user3369@example.com
5421,홍은진,F,1970-08-14,2024-01-11,대구,user5421@example.com
1395,송하도,F,1975-06-21,2021-06-07,고양,user1395@example.com
1426,송현아,F,1984-06-17,2022-09-22,서울,user1426@example.com
5092,윤성아,M,1986-07-24,2023-12-30, 고양,user5092@example.com
4959,정성태,M,1982-04-12,2024-02-10,대구,user4959@example.com
4891,전은지,M,1956-12-10,2022-03-14,수원 ,user4891@
1623,장영진,F,1997-12-29,2023-05-04,서울,user1623@example.com
1769,윤도하,여,1996-11-11,2022-10-10,고양,user1769@example.com
3930,최하경,F,2004-08-21,2020-09-07,서울,user3930@example.com
2660,서은하,M,1984-08-31,2021-04-24, 대전,user2660@example.com
2414,오선연,F,,2022-10-03,서울,user2414@example.com
3572,권도수,남,1965-12-15,2023-03-24,대전,user3572@example.com
4742,전태태,F,,2023-10-27,서울,user4742@example.com
3920,조서예,,1997-11-30,2020-05-16,서울,user3920@example.com
2616,황지예,남,1966-07-08,2023-06-15,세종,user2616@example.com
5649,강연재,여,1975-11-29,2020-05-28,서울,user5649@example.com
5142,최재성,F,1971-05-06,2023-11-17,대전,user5142@example.com
4987,이태진,F,1976-07-17,2020-02-11,수원,user4987@example.com
4076,박진도,M,1971-02-23,2022-05-06,서울,user4076.com
2529,전은지,남,1977-03-13,2023-06-06,부산,user2529@
2982,이서수,M,1976-09-26,2020-02-14,고양,
5044,장민재,여,1979-10-22,2020-07-13,수원,user5044@example.com
4217,장은아,F,1977-09-19,2023-07-14, 울산,user4217@example.com
4845,임연예,남,2000-11-21,2024-03-02,대구,
3975,임영은,여,1984-07-22,2022-10-20,대구,user3975@example.com
1181,최하우,여,1968-06-21,2021-03-29,서울,user1181@example.com
1678,한예성,여,1960-05-28,2022-05-26,서울,user1678@example.com
5034,장우아,남,1980-09-28,2021-07-26,울산,user5034@example.com
1964,전성선,여,1991-07-02,2020-08-01,수원,user1964@example.com
3494,장영수,여,1982-03-06,2021-10-26, 대전,user3494@example.com
1065,조경은,F,2005-06-30,2020-11-30, 인천,user1065@example.com
5863,권아하,여,1968-08-22,2021-08-28,대구,user5863@example.com
4802,안예선,F,2004-05-07,2022-09-01,서울,user4802@example.com
2516,임하연,M,,2022-07-20,수원,user2516@
2502,정태민,여,2006-08-30,2022-12-30,인천,user2502@example.com
2836,전수지,M,1998-01-21,2024-06-18,서울,user2836@example.com
4359,한진영,F,1982-07-20,2023-04-04,대구,
5210,최영서,여,1992-06-16,2020-06-18,수원 ,user5210@example.com
2501,강선선,여,,2023-02-22,수원,user2501@example.com
5124,황예진,여,1986-08-28,2023-02-18,서울,user5124@example.com
4351,전우경,여,1955-07-31,2024-06-21,고양,user4351@example.com
3009,서진예,여,1966-09-10,2020-12-05,부산,user3009@example.com
4005,윤지도,남,1987-03-26,2021-03-17,부산,user4005@example.com
1717,임선현,남,1970-06-06,2021-01-03,울산,user1717@example.com
2078,장성수,,,2023-12-09,세종,user2078@example.com
4395,황태민,F,,2021-03-29,울산,user4395@example.com
3500,신연서,F,1980-03-19,2021-08-30,고양,user3500@example.com
3715,임예선,남,,2020-03-02, 울산,user3715@example.com
5029,장성서,,1961-03-04,2023-01-03,인천 ,user5029@
3581,임연수,남,1954-03-02,2023-04-21,인천 ,
5099,조재재,F,1970-12-31,2024-03-22, 수원,user5099@example.com
3573,윤은예,,1997-04-27,2020-12-13,인천 ,user3573@example.com
4298,한예서,M,2004-11-15,2022-11-30,서울,user4298@example.com
2814,송도영,F,1961-07-23,2021-12-02,서울,user2814@example.com
5178,임서우,F,1978-05-30,2023-03-02,고양,user5178@example.com
3937,권수아,남,,2020-05-21, 고양,user3937@example.com
3478,이아연,여,2001-01-30,2022-03-24,수원,user3478@example.com
2863,윤성우,M,1979-01-12,2020-02-14,부산,user2863.com
3727,김연현,M,,2024-03-28, 서울,user3727@example.com
5060,박도수,F,1968-10-20,2021-03-24,인천 ,user5060@example.com
3456,안태태,M,1996-02-05,2024-06-01,부산,user3456@example.com
5537,권준준,여,1978-11-07,2023-05-02,부산,user5537@example.com
1732,전하성,남,1954-11-13,2020-09-29,수원,user1732@example.com
2082,홍연경,M,1963-03-07,2021-01-18,부산,user2082@example.com
3089,김연진,M,1970-11-28,2023-08-14, 고양,user3089@example.com
1069,임수은,여,1988-08-15,2022-02-22,서울,user1069@example.com
5474,송준수,여,1980-09-05,2022-02-26,수원,user5474@example.com
4733,전지수,M,2006-08-23,2024-01-17, 부산,user4733@example.com
4850,권영예,남,1979-10-04,2024-06-10,부산 ,user4850@example.com
5293,이경도,여,2004-10-07,2023-07-27, 광주,user5293@example.com
2925,박은성,F,1992-05-24,2022-03-19, 부산,user2925@example.com
5883,최재민,,1997-09-19,2020-05-20,고양,
5320,신태경,여,1972-10-20,2022-04-25,울산,user5320@example.com
1608,홍성예,M,1964-03-15,2023-11-30,부산 ,user1608@example.com
2306,강수도,여,1976-04-17,2021-02-27,세종,user2306@example.com
5771,황성경,M,1971-12-22,2023-07-29, 서울,user5771@example.com
3768,임예선,,1967-05-13,2024-05-18,대전,user3768@example.com
2817,강진진,M,1999-04-23,2021-11-07,광주,user2817@example.com
4113,전하경,여,1976-07-28,2023-05-23,고양,user4113@example.com
5853,이준서,F,1972-01-22,2024-04-29,서울,user5853@example.com
4699,황우현,F,1997-10-14,2020-06-02,수원,user4699@example.com
2164,한현선,F,1989-01-23,2021-04-05,대전,user2164@example.com
2484,장수우,M,1989-02-06,2023-08-21,부산,user2484@example.com
2280,권도예,,1975-06-22,2020-11-12,대전,user2280@example.com
3425,오태은,,1992-11-28,2024-04-29,고양,user3425@example.com
2310,한지예,남,1993-05-08,2022-02-20,서울 ,user2310@example.com
3710,이수선,M,1962-06-23,2020-03-24,서울 ,user3710.com
1073,박예수,F,2003-05-08,2023-09-21,부산,user1073@example.com
3948,한아준,남,1955-01-05,2022-06-23,부산,user3948@example.com
5172,한태현,남,1961-05-21,2020-05-31,수원,user5172@example.com
3629,김영도,여,1975-05-12,2022-10-22,서울,user3629@example.com
1913,홍우하,M,1999-05-21,2022-08-25, 서울,user1913@example.com
2411,오경우,F,2002-09-05,2021-12-28, 고양,user2411@example.com
4496,박도도,F,,2021-01-28,수원 ,user4496@example.com
4973,강예경,M,1998-09-04,2023-10-28,광주,user4973@example.com
5133,한민하,F,1956-05-25,2022-09-17,서울 ,user5133@example.com
3221,최선수,남,1956-02-19,2021-11-27,부산,user3221@example.com
3758,윤예서,M,1979-12-28,2021-10-08,서울,user3758@example.com
3361,황서준,M,1970-02-07,2024-04-19,부산,
1449,강아현,F,1971-05-25,2020-12-16,대전,user1449@example.com
3449,최예예,,1990-02-09,2020-01-30,대구,user3449@example.com
4021,박서우,F,1988-06-22,2023-02-05,광주,user4021@example.com
3643,임수우,남,1982-09-01,2020-04-14,광주 ,user3643@example.com
5453,권예지,M,1981-10-30,2021-03-20, 수원,user5453@example.com
2007,한재현,여,1962-06-10,2020-07-03,서울,user2007@example.com
5439,조하민,M,1990-06-18,2023-10-02,대전,user5439@example.com
3011,윤예수,M,1983-11-03,2020-06-13, 수원,user3011@example.com
1590,안준아,M,,2021-12-11,고양,user1590@example.com
1747,조연민,여,1966-11-27,2022-04-27, 대구,user1747@example.com
4377,오하연,여,1997-11-26,2024-05-12,수원,user4377@example.com
2873,전지준,여,1986-12-10,2023-11-28,인천,user2873@example.com
4694,윤민태,여,1983-05-01,2021-03-02,고양,user4694@example.com
4177,강진성,F,1987-07-16,2023-01-11, 서울,user4177@example.com
4927,최준재,남,,2022-03-13,서울,user4927@example.com
3949,한준서,F,1990-09-12,2023-03-16,부산,user3949@example.com
2779,신은현,남,1969-07-14,2023-10-04,서울,user2779@example.com
2665,윤민도,F,1958-06-26,2020-08-09,울산,user2665@example.com
3594,조예수,F,1956-10-28,2021-10-08,서울,user3594@example.com
2161,임도은,M,1974-11-26,2023-09-21,수원,user2161@example.com
4450,임영민,F,1963-06-17,2022-01-03,광주,user4450@example.com
3774,한아진,F,1990-09-22,2023-09-20,부산,user3774@example.com
1058,권재은,F,1986-02-27,2024-06-08,인천,user1058.com
3593,이태경,,1998-01-20,2022-09-29,대구,user3593@example.com
1710,신지하,,1995-06-22,2023-05-30,인천,user1710@example.com
2303,송성서,M,1958-11-26,2023-01-01,울산,user2303@example.com
3806,강지하,F,1970-10-23,2024-01-19,수원,user3806@example.com
1424,장재성,F,1996-11-11,2023-05-15,울산,user1424@example.com
1053,임영도,M,1958-03-07,2024-01-09,부산 ,user1053@example.com
4097,조경하,M,,2020-06-01,수원,user4097@example.com
3038,홍하수,M,1971-06-22,2023-08-23,수원,user3038@example.com
1194,홍수선,여,1957-02-19,2020-09-14,울산,user1194@example.com
1708,임성현,F,1973-05-07,2021-01-03,서울,user1708@
3284,신하서,여,2004-02-27,2021-11-17,고양,user3284@example.com
5943,송진현,여,1956-08-27,2021-12-09,수원 ,user5943@example.com
3235,황선우,,1993-11-21,2022-01-06,고양,user3235@example.com
2481,김재성,M,1979-09-29,2022-09-02,광주,user2481@example.com
3166,조성준,M,1979-06-09,2021-10-10,고양,user3166@example.com
4077,안민민,,1973-11-13,2020-10-27, 수원,user4077@example.com
3621,윤경아,F,1983-06-16,2021-06-10,인천,user3621@example.com
3332,강재도,여,1989-04-20,2020-02-21,부산 ,user3332@example.com
5255,조태태,남,1961-05-01,2024-05-14,부산,user5255@example.com
5232,서아아,여,1988-11-09,2024-01-26,서울,user5232@example.com
3526,임태수,여,,2023-07-25,서울,user3526@example.com
1719,오영준,여,,2020-06-05, 고양,user1719@example.com
3339,이서민,M,1961-03-28,2023-07-10,수원,user3339@example.com
2686,장서현,남,,2020-11-28,서울,user2686@example.com
5001,안영진,여,1991-10-26,2022-02-28, 세종,user5001@example.com
5524,안현경,남,1954-07-19,2021-05-21,부산,user5524@example.com
3145,장태지,남,2004-08-07,2024-02-28,고양,user3145@example.com
4176,서예민,여,1987-09-21,2020-07-01, 인천,user4176@example.com
1934,장지지,남,1962-02-03,2023-01-25,부산,user1934@example.com
4183,이준우,여,1992-12-01,2020-09-21,서울,user4183@example.com
4383,전민선,M,1979-09-04,2020-11-09,대구 ,user4383@example.com
2328,신민예,F,1967-04-13,2022-11-19,서울,user2328@example.com
2965,권경은,,2000-03-21,2022-02-10,세종,user2965@example.com
3278,윤경민,M,1998-02-24,2021-12-04, 인천,user3278@example.com
3065,한선선,남,1984-02-01,2020-04-26,인천,user3065@example.com
1243,서서은,여,1992-09-04,2022-05-15,부산,user1243@example.com
4478,장진도,남,1965-04-05,2022-10-12,서울,user4478@example.com
1107,신선현,남,1990-05-13,2020-07-01,서울 ,user1107@example.com
2122,강재영,여,1990-06-18,2021-06-19,서울,user2122@example.com
2062,박영서,남,1980-04-16,2020-05-18,부산,user2062@example.com
1285,전아은,,1962-09-11,2020-07-28,세종,user1285@example.com
1085,권우재,F,1990-12-22,2022-03-22,인천,
4289,최도태,여,1980-09-28,2023-07-13,인천,user4289@example.com
3242,임진서,F,1986-04-04,2023-05-11,대구,user3242@example.com
5644,김예은,여,1980-11-14,2023-04-16,인천 ,user5644@example.com
5019,신아경,남,1964-01-30,2022-05-06, 대전,user5019@
5727,송지수,F,,2022-09-25,수원,user5727@example.com
4842,오수하,여,1980-10-27,2021-03-08, 수원,user4842@example.com
4109,정경연,남,1956-03-01,2024-03-03,대전,user4109@example.com
5264,오아하,여,1970-05-02,2021-02-17,광주,user5264@example.com
4452,임서은,M,1971-12-28,2022-08-24,대구,user4452@example.com
1636,정우지,M,1968-10-04,2020-03-31,서울,user1636@example.com
3251,오준성,F,1972-04-09,2024-04-29,서울 ,user3251@example.com
3490,조현지,남,1967-01-05,2021-08-12, 서울,user3490@example.com
5068,권지태,M,1975-06-25,2023-03-31, 부산,
4244,권지아,남,1970-07-28,2020-03-04,대전,user4244@example.com
2831,홍지은,F,1975-06-23,2023-03-15,대구,user2831@example.com
4756,서진재,M,1971-07-17,2021-08-15,부산 ,user4756@example.com
4440,전태민,M,1972-08-07,2022-10-11,서울,user4440@example.com
4363,안경서,남,1975-12-03,2021-08-04,인천,user4363@example.com
2664,한우현,남,1975-02-18,2023-09-11,서울,user2664@example.com
5153,홍영진,여,1975-10-23,2020-08-21,수원,user5153@example.com
4811,장성은,M,,2020-06-22,수원,user4811@example.com
3123,서우재,여,1997-01-17,2020-05-05,서울,user3123@example.com
3950,김지경,여,2004-08-31,2021-01-28,대구,user3950@example.com
4301,강현민,F,1984-10-17,2022-01-19,인천,user4301@example.com
2450,강성수,M,2003-08-09,2021-04-16,광주,user2450@example.com
1446,조경경,남,2001-12-13,2021-11-19,인천,user1446@example.com
1881,송현진,여,1984-02-16,2021-02-07,인천,user1881@example.com
5345,한우태,남,2002-04-20,2023-07-16,광주,user5345@example.com
3185,강도연,F,,2021-02-14,울산,user3185@example.com
3385,송지서,남,2000-04-20,2024-03-11,서울,user3385@example.com
1414,김준성,남,1994-04-17,2021-06-12,울산,user1414@example.com
5790,최은재,M,2006-04-15,2020-12-11,세종 ,user5790@example.com
5889,임예아,F,1968-04-02,2020-01-13,세종,user5889@example.com
5240,조지서,F,1969-05-08,2021-12-04,부산,user5240.com
2003,송영진,F,1989-09-04,2022-04-04, 광주,user2003@example.com
5372,정선진,M,1964-07-03,2022-03-18,수원,user5372.com
2349,오현민,F,1998-02-23,2022-03-23,인천,user2349@example.com
3039,장지연,여,1958-04-09,2024-05-29,서울,user3039@example.com
4654,신현서,여,1971-07-25,2024-06-07,수원,user4654@example.com
5472,임도태,남,1972-05-18,2023-03-28,서울,user5472@example.com
4053,윤하연,남,1955-08-20,2024-06-16,수원,user4053@example.com
5273,조은재,F,1974-05-18,2021-02-04,인천,user5273@example.com
2406,조영현,F,1989-05-07,2023-03-07,대구,user2406@example.com
1110,강성영,F,1959-09-22,2022-12-04,울산,user1110@example.com
5053,안도선,여,1958-07-08,2023-04-12,고양,user5053.com
3908,박서현,M,2002-12-11,2020-11-29, 서울,user3908@example.com
2070,신준준,여,1966-08-19,2021-05-19,서울,user2070@example.com
4767,권도태,여,1986-12-16,2023-01-02, 광주,user4767@example.com
1037,안경민,M,1973-07-13,2020-07-19, 부산,user1037@example.com
2365,김서예,F,1964-04-14,2023-11-30,인천,user2365@example.com
4859,장도지,F,1955-11-01,2022-03-14,고양,user4859@example.com
2466,서우재,F,1986-10-01,2022-12-11, 대전,user2466@example.com
4225,황수지,여,1972-04-27,2020-01-01, 서울,user4225@example.com
1801,조우경,F,1969-04-10,2023-01-28,세종,user1801@example.com
2695,신재경,F,,2021-10-09, 서울,user2695@example.com
1380,김진재,F,,2020-02-16,서울,user1380@example.com
2550,강지연,M,1996-07-26,2022-02-13,고양,user2550@example.com
1431,권경재,M,1990-09-23,2021-09-10,부산,user1431@example.com
1985,신준선,여,2005-03-14,2022-01-25,대전,user1985@example.com
3477,최연수,F,1957-05-24,2021-05-24,수원,user3477@example.com
1033,오예하,M,1992-05-17,2024-02-15,대구,user1033@example.com
2417,장현지,남,1986-07-25,2021-11-04,서울 ,user2417@example.com
2909,전선도,F,1963-02-18,2022-05-10, 수원,user2909@example.com
1376,권진아,여,1964-01-12,2021-05-20,고양,user1376@example.com
3824,서서경,F,1957-09-25,2022-11-13,인천,user3824@example.com
3585,오은민,,1979-10-31,2022-06-11,부산,user3585@example.com
3141,송도태,M,2001-09-14,2023-06-04,대전,user3141@example.com
3762,윤하서,남,1955-06-18,2023-09-20,울산,user3762@example.com
4884,최경태,M,,2020-11-03,수원,user4884@example.com
1712,권아민,남,1998-06-12,2021-05-31,대구,user1712@example.com
1394,권준연,남,1990-10-19,2023-05-26,인천 ,user1394@example.com
1549,신민도,F,1985-09-14,2020-05-05,울산 ,
2312,황우서,남,2003-03-20,2023-09-21,서울,user2312@example.com
1587,이선준,F,2004-05-12,2020-06-05,수원 ,user1587@example.com
4522,안도수,여,1963-01-13,2023-02-25,인천,user4522@example.com
1511,권민민,,1994-07-03,2023-01-15,수원,user1511@example.com
2898,권은태,F,1987-08-16,2020-03-21,세종,user2898@example.com
1535,최현민,M,1986-02-13,2020-09-04,세종 ,user1535@example.com
2626,오민은,F,1983-04-02,2021-07-11, 인천,user2626@example.com
3570,안현서,남,2004-03-05,2024-06-22,대구,user3570@example.com
5733,강예아,남,2001-04-03,2022-04-07,부산,user5733@example.com
2693,윤예성,F,1972-08-29,2020-03-25,인천,user2693@example.com
5078,정진진,여,2006-03-14,2020-08-05,부산,
5792,홍성민,남,1973-06-01,2023-11-21,인천,user5792@example.com
5235,김재경,여,1956-08-06,2022-10-25,수원,user5235@example.com
2478,정영지,남,2000-04-11,2024-03-25,수원,user2478@example.com
5600,홍연수,,1981-01-30,2020-03-19,광주 ,user5600@example.com
5697,이재경,남,1986-12-07,2023-12-05,인천,user5697@example.com
1774,안우재,남,1976-08-05,2021-11-06,부산,user1774@example.com
2643,오연아,여,1998-04-02,2022-01-09,대구,
4253,윤영예,M,1964-06-13,2021-01-07,세종,user4253@example.com
5480,임서하,여,1979-09-24,2022-09-11,수원 ,user5480@example.com
1538,한아서,F,1985-01-22,2020-09-09, 부산,user1538@example.com
4042,조영서,,1997-10-14,2024-03-08,부산 ,user4042@example.com
4961,송은우,남,,2023-09-14,광주,user4961@example.com
3240,정도은,여,2002-11-02,2020-12-22,세종,user3240@example.com
3553,최성도,남,2000-07-08,2020-03-07,부산,user3553@example.com
4494,전재도,M,1985-06-25,2024-06-27,서울,user4494@example.com
1553,조재지,여,1985-11-04,2023-03-11,울산,user1553@example.com
2202,홍영태,F,1978-10-24,2020-01-14,수원,user2202@example.com
3386,홍태도,,1970-09-09,2021-09-06,서울,user3386@example.com
3616,홍예경,남,1978-06-07,2021-01-24,서울,user3616@example.com
4333,안성예,여,1998-06-21,2022-06-08,서울,user4333@example.com
2263,안은하,M,1984-07-06,2024-02-09,서울,
3213,박연지,,1997-07-03,2021-07-09,서울,user3213@example.com
3148,안우지,F,1994-05-04,2021-05-03,부산,user3148@example.com
5391,안현재,여,,2022-06-07,서울,user5391@example.com
3558,김수도,여,1954-05-15,2023-07-10,광주,user3558@example.com
4342,이서은,M,1965-07-31,2021-04-12,수원,user4342@example.com
3840,장경도,남,,2022-05-21,광주,user3840@example.com
3530,전수준,M,1976-08-24,2023-03-24, 대구,
1175,임재현,F,1967-10-31,2023-04-16, 울산,user1175@example.com
5446,조우현,F,1955-02-01,2023-05-31, 대구,user5446@example.com
2611,박영수,여,1984-07-24,2020-03-15,부산,user2611@example.com
3777,전은현,M,1976-07-20,2022-04-15,고양,user3777@example.com
3337,안현아,F,1968-11-14,2023-03-07,수원,user3337@example.com
4093,정현예,여,1978-11-30,2021-09-01,인천,user4093@example.com
1364,박예영,M,2001-05-21,2021-05-05,울산,user1364@example.com
2895,송영선,F,1963-09-26,2020-09-22,부산,user2895@example.com
1444,한성재,F,1997-09-06,2022-07-08,광주,user1444@example.com
1351,김태민,M,1965-10-05,2023-10-06,서울,user1351@example.com
5481,강현성,여,1971-05-18,2023-06-05, 서울,user5481@example.com
5219,최영예,F,1989-09-16,2022-08-26,서울 ,user5219@example.com
2119,임태진,M,2004-12-17,2022-01-29,대구,user2119@example.com
3469,정재현,여,,2024-02-16,세종,user3469@example.com
5150,조우우,M,1994-11-15,2022-09-25,대전,user5150@example.com
4770,장재경,여,2000-05-25,2024-02-26,대구,user4770@example.com
4951,정선현,F,1982-05-12,2021-06-22,서울,user4951@example.com
4975,신은진,여,1988-10-25,2021-09-28,인천 ,user4975@example.com
1676,오예아,M,1999-10-14,2021-05-12,광주,user1676@example.com
5569,정경수,M,1967-06-15,2023-01-03, 서울,user5569@example.com
3718,오준민,M,1958-01-20,2022-08-29,인천,user3718@example.com
2148,신연서,남,1990-09-22,2024-04-01,서울,user2148@example.com
3230,서예태,F,2002-06-26,2023-05-04, 서울,user3230@example.com
5344,윤현준,남,2005-03-11,2023-10-15,울산,user5344.com
1225,조현은,F,1987-10-30,2023-04-13,서울,user1225@example.com
3116,홍민하,F,1986-03-26,2021-07-25,서울,
2992,강성현,F,1992-10-30,2023-08-09,부산,user2992@example.com
4388,강수재,F,1976-05-13,2021-04-16,서울,user4388@example.com
5470,장도민,남,1975-03-05,2021-12-12,서울,user5470@example.com
1837,최수선,여,,2023-06-07,고양,user1837.com
5040,조민재,F,2005-06-18,2020-06-21,부산,
2092,안하경,M,1963-10-27,2023-10-10,광주,
2421,홍서예,여,2001-04-09,2020-08-18,인천,user2421@example.com
5292,임수수,F,1987-04-30,2024-04-01,대구,
4072,정태경,여,1965-11-04,2021-06-04,인천,user4072@example.com
4050,안수민,남,1968-02-25,2022-11-02, 세종,user4050@example.com
1804,권지성,F,1989-08-12,2024-06-17,부산,user1804@example.com
5735,장준태,M,1967-10-28,2024-03-23,수원,user5735@example.com
2902,권영성,남,1993-07-23,2021-12-26,서울,user2902@example.com
2125,안민도,F,1962-04-27,2021-08-07,대전,user2125@example.com
3150,조도지,F,1955-08-22,2020-04-29,고양,user3150@example.com
4900,한준예,남,1957-03-26,2021-08-23,대구 ,user4900@example.com
3304,전우성,F,1966-08-16,2023-07-23,인천,user3304@example.com
2722,신은연,남,1960-10-09,2023-11-21,울산 ,user2722@example.com
3609,안태경,F,1980-07-03,2023-04-07,부산,user3609@example.com
2057,황재진,여,2002-12-03,2023-02-09,서울,user2057@example.com
1802,한지예,남,1995-06-02,2020-10-11, 대구,user1802@example.com
1374,송경우,남,1990-10-07,2021-04-26,서울,user1374@example.com
4075,권경영,남,1954-04-20,2021-08-17,세종,user4075@example.com
2537,박준서,F,1998-04-07,2021-11-24,대구,user2537@example.com
3483,조재지,남,1973-08-20,2023-08-04,광주 ,user3483@example.com
5119,이성성,남,,2020-12-24,인천,user5119@example.com
4727,한성지,남,1967-02-27,2021-05-06,인천,user4727@example.com
1957,서경경,남,1977-11-12,2022-11-17,부산,user1957@example.com
2255,이태영,남,1962-12-22,2021-07-21,광주,user2255@example.com
1748,조재은,F,,2024-04-07,서울,user1748@example.com
2715,송민선,남,1990-12-27,2023-06-24,대구,user2715@example.com
2295,한은예,F,1995-08-15,2022-05-26, 서울,user2295@example.com
3842,황재준,M,1984-10-09,2023-06-07,부산,
2348,권준경,F,1955-10-01,2022-07-15,고양,user2348@example.com
5706,임선경,남,1956-06-08,2022-07-31,대구,user5706@example.com
2173,최예준,남,2004-02-02,2021-10-06,부산,user2173@example.com
3266,신수영,M,1963-12-02,2023-11-29,대구,user3266@example.com
4629,안수은,남,1961-09-02,2022-05-29,부산,user4629.com
1525,조성태,여,1968-11-14,2024-05-28,인천,user1525@example.com
1556,권지하,F,1990-11-21,2020-11-27,서울,user1556@example.com
1204,임선도,여,1958-12-05,2020-10-01,수원,user1204@example.com
2223,신우하,남,1964-06-13,2021-08-07, 서울,user2223@example.com
4239,김우아,M,1986-03-01,2021-03-16,대전,user4239@example.com
5591,김수태,여,1987-05-25,2022-06-19,서울 ,user5591@example.com
4530,윤수하,여,1977-06-16,2022-05-06,서울,user4530@example.com
3934,안선은,여,1972-04-04,2022-05-24, 대구,user3934@example.com
3443,정준예,M,1966-04-03,2023-11-28,서울,user3443@example.com
3984,권영수,남,1989-10-01,2020-09-18,부산,user3984@example.com
4795,강성예,,1983-10-03,2021-06-19,대구,user4795@example.com
5186,강수도,여,1973-11-22,2024-03-05, 부산,user5186@example.com
1909,이영진,M,1993-09-23,2023-12-30,고양,user1909@example.com
4279,권연성,남,1966-12-13,2024-05-15,고양,user4279@example.com
5246,강경하,여,1988-01-29,2022-06-10,광주,
2639,강도재,M,1960-03-27,2022-02-06,울산,user2639@example.com
2099,장은준,남,1972-06-29,2021-02-16,광주,user2099@example.com
3426,최수현,F,2004-06-02,2023-10-17, 고양,user3426@example.com
3265,이우진,,1974-01-17,2022-10-18,대구,user3265@example.com
4101,박경경,여,1985-06-30,2021-02-09,대전,user4101@example.com
4749,전선진,F,1989-03-25,2020-01-21,부산 ,user4749@example.com
1554,홍성서,M,1955-08-12,2024-03-30,서울 ,user1554@example.com
5154,정우서,여,1958-11-26,2023-11-19,서울,user5154@example.com
2824,황경준,F,1989-03-02,2020-12-18,수원,user2824@example.com
4323,서성준,M,1990-04-17,2020-03-09,서울,user4323@example.com
5660,안태현,F,1983-03-22,2024-02-18,광주 ,user5660@example.com
2989,전태민,여,2004-04-12,2024-01-27,고양,user2989@example.com
3049,신아태,남,2005-07-21,2021-03-07,대전,user3049.com
2081,홍재은,여,1981-08-08,2022-03-07,수원,user2081@example.com
4433,조재선,여,1988-10-04,2021-06-07,수원,
1162,장태아,F,1993-08-13,2021-10-06,부산,user1162@example.com
2677,장수선,M,1971-07-16,2021-10-21,서울,user2677@example.com
3356,장성경,여,1964-01-13,2021-09-24, 대전,user3356@example.com
3863,서선아,M,1965-03-02,2023-12-19,서울,user3863@example.com
2810,정민수,남,1962-05-31,2022-04-26,고양,user2810@example.com
4982,신진경,남,1976-06-07,2022-05-24,인천,user4982@example.com
2858,한민태,남,2000-11-26,2022-12-17,인천,user2858@example.com
5846,안수서,남,2002-01-09,2020-02-02,부산,user5846@example.com
4639,서선하,M,1969-03-23,2020-10-22,수원,user4639@example.com
1360,안경현,F,1966-12-30,2020-12-17,서울,user1360@example.com
2156,박민지,남,2004-12-10,2023-08-25, 서울,
5612,황영은,여,1984-07-17,2021-03-07,고양,user5612@example.com
5326,송현서,남,1959-03-17,2024-06-22, 대구,user5326@example.com
3003,임선도,F,1999-03-29,2023-01-13,부산,user3003@example.com
1746,한서하,F,1968-11-18,2023-03-29,수원,user1746@example.com
3048,황예현,M,1969-05-06,2022-06-21,고양 ,user3048@example.com
1775,홍은영,M,1996-09-30,2023-12-03,세종,user1775@example.com
2016,윤재예,M,1983-03-01,2020-07-03,대구,user2016@example.com
3376,송우아,여,2001-03-07,2020-02-08,울산,user3376@example.com
3816,신아지,,1995-03-09,2020-10-10,인천,user3816@example.com
2079,안준재,여,2002-10-20,2023-03-14,울산,user2079@example.com
5211,권영하,F,1981-03-29,2024-02-02,대구,user5211@example.com
2736,한현은,여,1994-08-05,2020-12-28,대구,user2736@example.com
1359,권도태,M,1960-02-09,2020-10-20,서울,user1359@example.com
4940,한경수,F,1965-03-16,2023-04-12,고양,
4381,황우민,남,1990-03-13,2020-05-03,세종,user4381@example.com
4808,한우은,여,1975-08-12,2021-06-01,부산,user4808@example.com
5427,임아연,남,2005-08-13,2023-03-23,울산,user5427@example.com
1906,장도재,여,1986-07-30,2023-11-22,고양 ,user1906@example.com
1649,안연하,여,1988-05-04,2023-10-28, 수원,user1649@example.com
3678,오재하,F,1978-07-26,2022-02-18,대구,user3678@example.com
5309,서준준,여,,2023-07-25,서울,user5309@example.com
3244,권재예,여,1960-04-06,2021-09-22,대전 ,user3244@example.com
5225,최경준,남,1988-08-16,2021-10-14,서울,user5225@example.com
5921,송현연,남,1982-04-09,2023-08-09,울산,user5921@example.com
2386,오성서,F,1982-03-15,2022-03-20,서울,user2386@example.com
4455,송지아,M,,2022-07-14,수원,user4455@example.com
5062,서연민,F,1973-09-15,2020-10-03,인천,user5062@example.com
3407,권준준,F,1969-04-26,2020-09-06,고양,user3407@example.com
3037,김수수,남,1972-12-27,2020-04-29, 인천,user3037@example.com
1413,박아은,F,1974-02-28,2021-08-04,고양 ,user1413@example.com
2849,최수현,여,1966-04-04,2020-04-17,인천,user2849@example.com
4280,이은영,F,,2023-08-08,세종 ,user4280@example.com
5069,박은은,여,1984-06-25,2021-09-27,수원,user5069@example.com
5616,강우아,여,1980-06-03,2022-12-17, 부산,user5616@example.com
3091,조성하,여,1980-10-05,2024-01-03,서울,user3091@example.com
1083,안지아,F,1998-10-14,2023-07-02,인천,user1083@example.com
1439,윤아은,여,2006-04-09,2023-12-31,수원,user1439@example.com
3909,조경현,남,1957-10-22,2020-05-18,서울,user3909@example.com
4825,전현서,남,,2024-02-03, 서울,user4825@example.com
4438,전경아,M,1986-12-27,2022-08-08,고양,user4438@example.com
2875,박성현,F,1981-11-06,2022-11-28,부산,user2875@example.com
3685,임준경,남,2000-11-16,2022-07-24,서울,user3685@example.com
1361,송경준,여,1999-12-27,2023-12-24,부산,user1361@example.com
4100,윤준영,M,1965-05-11,2020-01-23,세종,user4100@example.com
3218,강하지,M,1979-05-13,2023-12-19,세종,user3218@example.com
5703,송현영,M,1984-02-17,2023-12-26,인천,user5703@example.com
1228,한서우,남,1982-07-14,2022-07-10, 대구,user1228@example.com
4398,김재현,,1955-09-06,2022-08-25,서울,user4398@example.com
1941,장예하,남,1981-07-12,2024-04-10,부산,user1941@example.com
5872,이우예,남,1991-01-09,2021-06-26,울산,user5872@example.com
4809,서민지,여,1988-10-29,2022-07-19,서울,user4809@example.com
2533,최진선,남,1979-11-16,2024-01-03,부산,user2533@example.com
5554,권민우,여,1972-08-05,2023-11-10,부산,user5554@example.com
5403,전지재,M,,2022-09-09,울산,user5403@example.com
5112,최수선,M,,2021-07-18,서울,user5112@example.com
2232,홍현수,M,1982-05-10,2022-04-19,부산,
4537,박성수,여,1963-12-25,2022-05-12,서울,user4537@example.com
5364,오지경,M,1997-03-29,2021-10-03,서울,user5364@example.com
3561,윤은경,F,2005-08-05,2022-04-21,고양,user3561@example.com
1615,서수예,남,2004-10-23,2023-08-10,수원,user1615@example.com
5389,오준아,M,1991-10-05,2023-07-20,광주,user5389@example.com
3898,황서성,F,1989-07-05,2023-09-12,대구 ,user3898@example.com
3014,서서서,남,1982-08-19,2021-02-12,광주,user3014@example.com
5113,홍은선,F,2004-06-15,2022-11-22,서울,user5113@example.com
5161,윤재민,여,1961-08-19,2022-04-17,인천,user5161@example.com
4477,한지진,M,1964-04-11,2023-12-25,인천,user4477@example.com
2962,박준수,F,,2023-09-05,서울,user2962@example.com
5413,권민아,,1972-10-10,2024-01-15,서울,user5413@example.com
4817,안도우,F,,2020-10-12, 수원,user4817@example.com
5170,윤수성,남,2001-10-13,2021-10-04,광주,user5170@example.com
2491,임준준,F,1995-01-14,2022-07-13,수원,user2491@example.com
4431,황서재,F,1991-11-09,2020-02-04,부산,user4431@example.com
4046,권재영,여,1974-06-18,2021-12-19,대구,user4046@example.com
3724,황태민,여,1978-09-30,2023-08-29,고양,user3724@example.com
5491,최예태,여,1960-11-25,2022-04-22,대구,user5491@example.com
5705,정예아,F,1977-10-27,2024-02-24,울산,user5705.com
4370,홍영도,여,,2020-12-11, 서울,user4370@example.com
4472,권우민,여,1963-10-10,2021-02-23,대전,user4472@example.com
5013,임수준,F,1970-03-30,2020-12-23,인천,user5013@example.com
2851,강서도,여,,2020-12-23,인천,user2851@example.com
4434,정태태,남,,2020-03-05,인천,
3117,한현연,M,1981-07-25,2021-03-31,수원 ,user3117@example.com
5607,임준수,여,1969-10-26,2023-11-15,고양 ,user5607@example.com
2230,안하연,M,1977-07-27,2024-06-05,인천,user2230@example.com
4605,박아연,남,1965-12-13,2022-11-07,인천,user4605@example.com
5633,최민은,M,1958-10-10,2021-12-02,대전,user5633@example.com
3997,조현영,M,1957-03-12,2024-03-10, 수원,user3997@example.com
1790,이연하,,1975-10-26,2023-05-13,수원,user1790@example.com
3005,박경도,M,1993-08-13,2022-06-11,부산,user3005@example.com
5770,강선경,M,1983-07-08,2022-05-27, 대구,user5770@example.com
3970,서은수,M,1976-09-29,2021-01-01,고양 ,user3970@example.com
4142,임영우,F,1995-07-16,2020-06-14,대구,user4142@example.com
2282,윤현수,남,1998-07-16,2022-07-27, 고양,user2282@example.com
5144,박우선,F,1992-09-01,2021-06-22, 인천,user5144@example.com
2088,신예도,,1955-10-16,2020-10-30,수원,user2088@example.com
3372,이경준,,1993-07-02,2023-09-01, 서울,user3372@example.com
4527,이성수,M,1999-05-25,2022-01-11,서울,user4527@example.com
1570,전예진,남,1991-07-12,2021-10-23,광주,user1570@example.com
3352,권경성,여,1957-06-23,2023-11-26,수원,user3352@example.com
2823,송성민,F,1961-10-12,2020-07-01,고양,user2823@example.com
2324,송진연,여,1979-04-03,2022-12-11,서울,user2324@example.com
4565,강도아,여,1955-05-06,2024-01-19,서울,user4565@example.com
3087,신성경,M,1960-01-26,2022-11-02,서울 ,user3087.com
1245,이예도,F,1996-09-26,2021-03-02, 울산,user1245@example.com
1609,송지연,남,1997-01-03,2021-09-16,서울,user1609@example.com
1160,홍성지,,1994-11-17,2024-05-20,서울,user1160@example.com
3310,강우아,F,2006-05-24,2022-05-26,부산,user3310@example.com
2243,임서민,여,1970-01-11,2023-06-08,대구,user2243@example.com
2483,박하지,M,1962-09-05,2023-11-18, 대전,user2483@example.com
2926,윤예진,F,1996-11-19,2020-02-06,대구,user2926@example.com
2446,전진수,F,1981-06-19,2022-10-03,부산,user2446@example.com
5684,한재지,남,2002-07-11,2020-10-25,부산,user5684@example.com
2482,강준서,,1977-04-03,2024-01-28, 울산,user2482@example.com
1727,이하수,여,1974-09-05,2023-01-28,대구,user1727@example.com
3730,홍하민,,2003-11-16,2024-06-18,세종,user3730@example.com
3564,장준태,남,1987-10-07,2023-03-23,서울 ,user3564@example.com
5766,오수준,남,1968-06-10,2024-01-05,수원,user5766@example.com
5353,장선은,M,1998-08-02,2023-03-14, 서울,user5353@example.com
5279,안은은,남,1995-09-18,2020-12-20,광주,user5279@example.com
3821,안민은,M,1965-05-20,2020-11-24,부산,user3821@example.com
4015,임진재,남,,2022-07-01,서울,user4015@example.com
5104,이태성,여,1956-11-10,2021-03-22,세종 ,user5104@example.com
4589,전연서,여,1993-05-19,2022-12-17,부산,user4589@example.com
5934,윤우지,F,1987-01-10,2021-12-17,부산,user5934@example.com
3603,오재우,F,1978-06-11,2021-02-17,울산,user3603@example.com
4429,조도준,F,1993-08-29,2020-02-03, 세종,user4429@example.com
4317,윤성지,남,1989-09-08,2020-12-12,서울 ,user4317@example.com
3394,임재재,여,1989-11-20,2022-05-01,부산,user3394@example.com
2557,황도경,F,1999-03-22,2023-09-12,서울,user2557@example.com
2872,서태하,여,1955-04-22,2020-09-27,수원,
1451,전영민,F,1982-11-29,2021-06-19,서울,user1451@example.com
2354,정은수,M,1978-10-22,2024-01-09,대구,user2354@example.com
4618,장민아,M,1993-05-02,2023-04-12,대구,user4618@example.com
5100,이민하,F,1966-02-01,2021-05-06,서울 ,user5100@example.com
4466,한성민,M,1989-08-10,2023-05-28,수원 ,user4466@example.com
3766,윤영도,M,1993-09-08,2024-03-08,대구,user3766.com
5610,이진수,여,1989-01-18,2020-01-06,대전,user5610@example.com
2659,강재서,M,1961-11-17,2024-06-01,부산,user2659@example.com
5497,윤수재,여,2002-02-01,2023-09-03,울산,user5497@example.com
4677,황선연,F,1960-02-18,2020-02-13,서울,user4677@example.com
3582,강선민,여,1973-07-11,2023-01-09,서울,user3582@example.com
1588,안선태,M,1959-07-02,2023-04-05,고양,user1588@example.com
4853,윤재민,,1983-02-18,2020-08-01,수원,
5858,강지예,M,1998-02-12,2023-03-10,수원,user5858@example.com
3205,황준선,F,1972-10-04,2024-01-28,인천,user3205@example.com
5514,전지민,F,1969-09-14,2021-11-11,인천,
2975,이민하,여,1976-06-24,2021-11-13,서울,user2975@example.com
1648,홍연예,남,1975-07-21,2020-01-16, 고양,user1648@example.com
4171,전태현,M,1955-05-15,2020-07-30,인천 ,user4171@example.com
3448,황민연,M,1993-10-04,2021-06-22,인천,user3448@example.com
5911,한연민,M,1998-02-06,2023-04-05,서울,user5911@example.com
3746,정성준,M,1997-08-07,2020-12-14,서울,user3746@example.com
4583,조예하,남,1983-11-15,2020-02-26,세종,
5606,정연하,여,1978-05-31,2023-06-27,세종 ,user5606@example.com
1558,황진서,,1961-03-12,2020-04-12,울산,user1558@example.com
5659,임선재,여,1960-04-26,2023-11-22,인천 ,user5659@example.com
4482,황서연,남,2003-05-28,2023-12-18, 울산,user4482@
2370,송연예,F,1958-02-07,2023-02-25,부산,user2370@example.com
4858,조연태,남,1981-06-01,2021-06-06, 서울,user4858@example.com
2565,임은영,F,1977-01-19,2021-04-27,서울,user2565@example.com
3807,조민예,M,1964-10-13,2021-04-01,서울,user3807@example.com
2134,서영도,F,1966-11-21,2021-01-19,고양,user2134@example.com
4082,강수영,남,1959-01-18,2024-01-25,광주 ,user4082@example.com
3248,최우지,F,1987-03-20,2022-05-25,수원,user3248@example.com
3413,서현도,여,2000-08-26,2023-05-24,부산,user3413@example.com
5708,황연은,F,1984-08-20,2020-01-05,서울,user5708@example.com
5280,임진하,M,1985-03-30,2022-10-15,인천,user5280@example.com
4543,황아하,여,2005-09-24,2023-02-16, 수원,user4543@example.com
3852,박재하,M,1988-03-12,2022-09-28,부산,user3852@example.com
1291,강아진,여,1986-08-15,2021-01-15,서울,user1291@example.com
4315,안예우,여,1987-07-31,2021-02-08,서울,user4315@example.com
4821,김경우,M,,2021-09-18, 대구,user4821@example.com
4623,장경진,M,1971-04-09,2023-08-03,수원,user4623@example.com
2338,황준태,여,1973-01-12,2024-01-05,부산,user2338@example.com
3416,서재준,M,1996-10-01,2022-05-27,광주,user3416@example.com
4439,안준선,여,2003-09-01,2023-01-26,울산,user4439@example.com
4504,김아도,M,1978-03-05,2024-03-06,수원,user4504@example.com
2359,윤현은,F,1983-05-01,2021-05-02,울산,user2359@example.com
1697,오태준,F,1954-04-24,2021-09-26, 울산,user1697@example.com
5286,권진도,M,1961-06-29,2024-05-03,인천 ,user5286@example.com
5561,장성은,M,1997-10-10,2020-07-15,대구,user5561@example.com
1305,박은민,F,2000-01-23,2020-11-02,인천,user1305@example.com
5597,김예연,M,1977-12-26,2022-06-15,대구,user5597@example.com
4976,서우수,여,1976-07-26,2024-05-27,서울,user4976@example.com
1284,장하선,여,2004-02-25,2022-07-07,부산,user1284@example.com
1805,황예영,남,1976-06-24,2020-02-27,수원,user1805@example.com
2570,이민도,F,1971-02-19,2022-12-12,대구,user2570@example.com
1402,조지지,남,1997-08-11,2022-07-07, 서울,user1402@example.com
2903,정서민,M,1967-02-03,2024-06-29,대전,user2903@example.com
1851,안하영,,1970-08-04,2022-05-29,고양,user1851@example.com
3496,안지태,F,1964-09-05,2022-04-10,고양,user3496@example.com
2573,안영수,F,1984-07-15,2020-06-20,고양 ,user2573@example.com
3100,전태성,F,1993-11-26,2020-02-01, 인천,user3100@example.com
5681,최민하,F,,2020-08-19,서울,user5681@example.com
1619,박우현,F,1955-02-23,2022-03-15,서울,
3418,강서은,F,1995-05-11,2023-10-07,수원 ,user3418@example.com
5046,임우선,M,1974-04-05,2020-04-13,부산,user5046@example.com
3624,전성영,F,1958-06-29,2021-09-13,서울,user3624@example.com
5812,한경선,M,1969-10-27,2022-10-09,서울,user5812@example.com
2569,홍민현,남,1998-04-07,2024-06-20,대전,user2569@example.com
5270,황현재,여,1958-08-13,2022-09-24,서울,user5270@example.com
2076,권예수,F,,2023-03-03,대전 ,user2076@example.com
4304,박선태,F,1955-07-20,2023-08-04,수원,user4304@example.com
1246,황경경,M,,2021-04-18,인천,user1246@example.com
4026,박서재,여,1968-06-27,2023-01-20,광주,user4026@example.com
1628,한도선,여,,2020-07-27,부산,user1628@example.com
1939,한준하,여,2003-03-01,2020-04-13,세종,user1939@example.com
2949,조선진,여,1998-10-08,2021-04-24,고양,user2949@example.com
1494,강준준,남,1957-03-28,2021-12-17,부산,user1494@example.com
5712,송서민,여,2001-02-04,2020-01-04,수원,user5712@example.com
1998,홍경영,F,2001-09-11,2023-01-20, 고양,user1998@example.com
3528,이연경,남,1985-09-06,2020-11-20,서울,user3528@example.com
5168,한하성,F,1985-03-27,2021-09-10,고양,user5168@example.com
2916,강예진,남,1970-06-17,2023-01-28,인천,user2916@example.com
3212,서수경,여,1957-12-23,2022-12-05,인천,user3212@example.com
2944,윤영지,,1957-11-30,2020-12-19, 수원,user2944@example.com
2212,임우아,M,2004-10-11,2020-01-12,인천,
2191,강민준,여,2004-01-22,2021-11-03,인천,user2191@example.com
2410,이수태,,1970-09-29,2023-06-22,대구,user2410@example.com
3554,홍연현,남,,2021-08-02,서울,user3554@example.com
3162,장경민,F,2000-08-12,2022-03-08,수원,user3162@example.com
4684,홍선서,남,2004-08-16,2021-02-09,고양,user4684@example.com
5447,최성수,F,1976-09-01,2023-03-14,서울,user5447@
4567,최태연,,1978-05-26,2022-07-29,서울 ,user4567@example.com
5673,송영연,여,1994-11-26,2022-11-22,고양,user5673@example.com
2716,서서하,F,,2021-07-26,울산,user2716@example.com
3865,김아영,M,1962-09-12,2022-07-18,대전,user3865@example.com
1643,임수아,남,1954-04-29,2023-06-14,대구 ,user1643@example.com
1236,신아하,여,1996-07-30,2022-05-16,서울 ,user1236@example.com
1078,오재준,M,1956-03-20,2023-01-21,서울,user1078@example.com
4457,김수민,F,1963-10-04,2020-07-05,인천,user4457@example.com
5004,안아하,여,1977-09-08,2020-06-08,세종,user5004@example.com
4738,신성민,F,1984-01-22,2023-11-03,인천,
1041,황성수,M,1979-12-10,2020-02-01, 수원,
3139,장은경,F,1954-07-24,2022-06-23,대전,user3139@example.com
5818,한재은,여,1962-07-17,2020-06-12, 서울,user5818@example.com
1267,조영서,남,1968-10-30,2023-12-01,대구,user1267@example.com
5382,윤수은,F,1997-10-31,2021-11-27,서울,user5382@example.com
1270,강은서,F,1970-11-19,2020-01-06, 서울,user1270@example.com
4232,신재재,F,1961-11-11,2020-03-30,광주,user4232@example.com
2679,한준도,여,1961-02-25,2020-06-03, 부산,user2679@example.com
5222,안서아,남,1983-11-20,2022-06-12,대구,user5222@example.com
1066,전서연,F,2003-10-18,2020-02-28,고양,user1066@example.com
5665,안진현,,1967-05-08,2022-02-16,인천,user5665@example.com
2278,김민경,남,1970-03-31,2023-03-17,대구,user2278@example.com
4165,장태재,남,1978-07-07,2022-10-02,대구,user4165@example.com
5390,최영진,F,1963-09-22,2024-03-14,대구,user5390@example.com
2749,권하하,F,1977-07-21,2022-12-12,서울,user2749@example.com
3041,송선하,M,1994-09-08,2022-09-22, 고양,user3041@
1138,조지태,M,1961-12-02,2024-04-24,서울,user1138@example.com
4813,장은우,F,1984-11-17,2023-10-02,고양,user4813@example.com
5601,전서성,여,,2022-02-25,수원,user5601@example.com
3335,한선지,여,2006-04-07,2020-03-10,세종,user3335@example.com
3860,최성성,M,,2022-03-09, 수원,user3860@example.com
3531,안우현,F,2004-08-26,2022-06-07,대구,user3531@example.com
2111,정연하,남,1995-10-05,2023-10-02,수원 ,user2111@example.com
5135,홍태민,여,,2022-02-07,서울,
3886,전하현,M,1997-04-22,2022-01-11,부산,user3886@example.com
1463,장아하,F,1979-07-12,2023-08-20,광주,user1463@example.com
5274,김서우,F,2004-07-12,2023-03-16,수원,user5274@example.com
3199,최은성,여,1982-12-07,2022-05-15,서울,user3199@example.com
4406,윤경성,M,1968-03-15,2020-11-11, 인천,user4406@example.com
2946,최준선,M,1967-06-27,2023-10-15,서울,user2946@example.com
3249,장예선,M,1974-06-04,2021-01-03,고양,user3249@example.com
5782,조진도,,2001-03-21,2023-12-11,서울 ,user5782@example.com
4712,안수연,여,1996-05-15,2021-10-07,울산,user4712@example.com
1272,최경성,여,1954-04-25,2020-09-26,대구,user1272@example.com
5010,윤예민,여,1972-10-28,2020-02-19,서울,user5010@example.com
5723,이서준,M,1974-10-05,2023-02-03,인천,user5723@example.com
4851,김연성,M,2002-04-21,2021-01-07,고양,user4851@example.com
1947,박태민,M,1973-03-21,2021-11-21,고양 ,user1947@example.com
2531,김아현,여,1965-04-25,2024-02-06,수원,user2531@example.com
1735,신예경,남,1977-07-30,2020-12-24,부산,user1735@example.com
3313,이태태,F,1957-02-19,2022-12-22,수원,user3313@example.com
4920,전민예,여,1971-05-30,2022-07-26,서울,user4920@example.com
1025,서선도,M,1956-01-09,2022-12-31,울산,user1025@example.com
5783,황준준,M,1975-01-21,2024-01-10, 인천,user5783@example.com
3750,정성하,F,1992-06-22,2021-03-21,서울,user3750@example.com
2943,김영민,F,1995-10-30,2021-11-14,인천,user2943@example.com
4689,최하수,여,1997-06-24,2021-10-21, 대구,user4689@example.com
5000,조지태,F,1980-07-24,2022-12-09,서울,user5000@example.com
5672,정우은,M,1956-09-22,2023-10-28,서울,user5672@example.com
3365,이예재,M,1991-06-10,2024-03-31,고양,user3365@example.com
5176,조아준,M,1967-04-29,2021-03-05,인천,user5176@example.com
3915,장성우,F,1996-08-27,2022-11-12,대전 ,
1375,이하민,M,1981-10-12,2022-06-28, 수원,user1375@example.com
